sequence,cq_level,base_qindex,block_dim,partition,partition_name,count,is_decision_node
Beauty_3840x2160_120fps_420_8bit_YUV_RAW,20,80,8,0,NONE,576547,0
Beauty_3840x2160_120fps_420_8bit_YUV_RAW,20,80,16,0,NONE,38422,1
Beauty_3840x2160_120fps_420_8bit_YUV_RAW,20,80,16,1,HORZ,10051,1
Beauty_3840x2160_120fps_420_8bit_YUV_RAW,20,80,16,2,VERT,13409,1
Beauty_3840x2160_120fps_420_8bit_YUV_RAW,20,80,16,3,SPLIT,31884,1
Beauty_3840x2160_120fps_420_8bit_YUV_RAW,20,80,16,4,HORZ_A,15303,1
Beauty_3840x2160_120fps_420_8bit_YUV_RAW,20,80,16,5,HORZ_B,17920,1
Beauty_3840x2160_120fps_420_8bit_YUV_RAW,20,80,16,6,VERT_A,15662,1
Beauty_3840x2160_120fps_420_8bit_YUV_RAW,20,80,16,7,VERT_B,17265,1
Beauty_3840x2160_120fps_420_8bit_YUV_RAW,20,80,32,0,NONE,1393,1
Beauty_3840x2160_120fps_420_8bit_YUV_RAW,20,80,32,1,HORZ,108,1
Beauty_3840x2160_120fps_420_8bit_YUV_RAW,20,80,32,2,VERT,240,1
Beauty_3840x2160_120fps_420_8bit_YUV_RAW,20,80,32,3,SPLIT,36648,1
Beauty_3840x2160_120fps_420_8bit_YUV_RAW,20,80,32,4,HORZ_A,215,1
Beauty_3840x2160_120fps_420_8bit_YUV_RAW,20,80,32,5,HORZ_B,518,1
Beauty_3840x2160_120fps_420_8bit_YUV_RAW,20,80,32,6,VERT_A,523,1
Beauty_3840x2160_120fps_420_8bit_YUV_RAW,20,80,32,7,VERT_B,773,1
Beauty_3840x2160_120fps_420_8bit_YUV_RAW,20,80,32,8,HORZ_4,25,1
Beauty_3840x2160_120fps_420_8bit_YUV_RAW,20,80,32,9,VERT_4,277,1
Beauty_3840x2160_120fps_420_8bit_YUV_RAW,20,80,64,0,NONE,59,1
Beauty_3840x2160_120fps_420_8bit_YUV_RAW,20,80,64,1,HORZ,2,1
Beauty_3840x2160_120fps_420_8bit_YUV_RAW,20,80,64,2,VERT,4,1
Beauty_3840x2160_120fps_420_8bit_YUV_RAW,20,80,64,3,SPLIT,10105,1
Beauty_3840x2160_120fps_420_8bit_YUV_RAW,20,80,64,4,HORZ_A,1,1
Beauty_3840x2160_120fps_420_8bit_YUV_RAW,20,80,64,5,HORZ_B,1,1
Beauty_3840x2160_120fps_420_8bit_YUV_RAW,20,80,64,6,VERT_A,2,1
Beauty_3840x2160_120fps_420_8bit_YUV_RAW,20,80,64,7,VERT_B,6,1
Beauty_3840x2160_120fps_420_8bit_YUV_RAW,20,80,64,9,VERT_4,2,1
Beauty_3840x2160_120fps_420_8bit_YUV_RAW,32,128,8,0,NONE,414355,0
Beauty_3840x2160_120fps_420_8bit_YUV_RAW,32,128,16,0,NONE,114572,1
Beauty_3840x2160_120fps_420_8bit_YUV_RAW,32,128,16,1,HORZ,7756,1
Beauty_3840x2160_120fps_420_8bit_YUV_RAW,32,128,16,2,VERT,13558,1
Beauty_3840x2160_120fps_420_8bit_YUV_RAW,32,128,16,3,SPLIT,1920,1
Beauty_3840x2160_120fps_420_8bit_YUV_RAW,32,128,16,4,HORZ_A,565,1
Beauty_3840x2160_120fps_420_8bit_YUV_RAW,32,128,16,5,HORZ_B,363,1
Beauty_3840x2160_120fps_420_8bit_YUV_RAW,32,128,16,6,VERT_A,550,1
Beauty_3840x2160_120fps_420_8bit_YUV_RAW,32,128,16,7,VERT_B,289,1
Beauty_3840x2160_120fps_420_8bit_YUV_RAW,32,128,32,0,NONE,14796,1
Beauty_3840x2160_120fps_420_8bit_YUV_RAW,32,128,32,1,HORZ,805,1
Beauty_3840x2160_120fps_420_8bit_YUV_RAW,32,128,32,2,VERT,934,1
Beauty_3840x2160_120fps_420_8bit_YUV_RAW,32,128,32,3,SPLIT,13975,1
Beauty_3840x2160_120fps_420_8bit_YUV_RAW,32,128,32,4,HORZ_A,974,1
Beauty_3840x2160_120fps_420_8bit_YUV_RAW,32,128,32,5,HORZ_B,1842,1
Beauty_3840x2160_120fps_420_8bit_YUV_RAW,32,128,32,6,VERT_A,1332,1
Beauty_3840x2160_120fps_420_8bit_YUV_RAW,32,128,32,7,VERT_B,1981,1
Beauty_3840x2160_120fps_420_8bit_YUV_RAW,32,128,32,8,HORZ_4,216,1
Beauty_3840x2160_120fps_420_8bit_YUV_RAW,32,128,32,9,VERT_4,1356,1
Beauty_3840x2160_120fps_420_8bit_YUV_RAW,32,128,64,0,NONE,2060,1
Beauty_3840x2160_120fps_420_8bit_YUV_RAW,32,128,64,1,HORZ,57,1
Beauty_3840x2160_120fps_420_8bit_YUV_RAW,32,128,64,2,VERT,56,1
Beauty_3840x2160_120fps_420_8bit_YUV_RAW,32,128,64,3,SPLIT,7398,1
Beauty_3840x2160_120fps_420_8bit_YUV_RAW,32,128,64,4,HORZ_A,34,1
Beauty_3840x2160_120fps_420_8bit_YUV_RAW,32,128,64,5,HORZ_B,54,1
Beauty_3840x2160_120fps_420_8bit_YUV_RAW,32,128,64,6,VERT_A,55,1
Beauty_3840x2160_120fps_420_8bit_YUV_RAW,32,128,64,7,VERT_B,64,1
Beauty_3840x2160_120fps_420_8bit_YUV_RAW,32,128,64,8,HORZ_4,6,1
Beauty_3840x2160_120fps_420_8bit_YUV_RAW,32,128,64,9,VERT_4,9,1
Beauty_3840x2160_120fps_420_8bit_YUV_RAW,43,172,8,0,NONE,226716,0
Beauty_3840x2160_120fps_420_8bit_YUV_RAW,43,172,16,0,NONE,94596,1
Beauty_3840x2160_120fps_420_8bit_YUV_RAW,43,172,16,1,HORZ,2306,1
Beauty_3840x2160_120fps_420_8bit_YUV_RAW,43,172,16,2,VERT,1492,1
Beauty_3840x2160_120fps_420_8bit_YUV_RAW,43,172,16,3,SPLIT,12770,1
Beauty_3840x2160_120fps_420_8bit_YUV_RAW,43,172,16,4,HORZ_A,137,1
Beauty_3840x2160_120fps_420_8bit_YUV_RAW,43,172,16,5,HORZ_B,197,1
Beauty_3840x2160_120fps_420_8bit_YUV_RAW,43,172,16,6,VERT_A,138,1
Beauty_3840x2160_120fps_420_8bit_YUV_RAW,43,172,16,7,VERT_B,182,1
Beauty_3840x2160_120fps_420_8bit_YUV_RAW,43,172,32,0,NONE,24633,1
Beauty_3840x2160_120fps_420_8bit_YUV_RAW,43,172,32,1,HORZ,944,1
Beauty_3840x2160_120fps_420_8bit_YUV_RAW,43,172,32,2,VERT,892,1
Beauty_3840x2160_120fps_420_8bit_YUV_RAW,43,172,32,3,SPLIT,6386,1
Beauty_3840x2160_120fps_420_8bit_YUV_RAW,43,172,32,4,HORZ_A,266,1
Beauty_3840x2160_120fps_420_8bit_YUV_RAW,43,172,32,5,HORZ_B,109,1
Beauty_3840x2160_120fps_420_8bit_YUV_RAW,43,172,32,6,VERT_A,203,1
Beauty_3840x2160_120fps_420_8bit_YUV_RAW,43,172,32,7,VERT_B,158,1
Beauty_3840x2160_120fps_420_8bit_YUV_RAW,43,172,32,8,HORZ_4,123,1
Beauty_3840x2160_120fps_420_8bit_YUV_RAW,43,172,32,9,VERT_4,144,1
Beauty_3840x2160_120fps_420_8bit_YUV_RAW,43,172,64,0,NONE,4778,1
Beauty_3840x2160_120fps_420_8bit_YUV_RAW,43,172,64,1,HORZ,145,1
Beauty_3840x2160_120fps_420_8bit_YUV_RAW,43,172,64,2,VERT,129,1
Beauty_3840x2160_120fps_420_8bit_YUV_RAW,43,172,64,3,SPLIT,3037,1
Beauty_3840x2160_120fps_420_8bit_YUV_RAW,43,172,64,4,HORZ_A,66,1
Beauty_3840x2160_120fps_420_8bit_YUV_RAW,43,172,64,5,HORZ_B,89,1
Beauty_3840x2160_120fps_420_8bit_YUV_RAW,43,172,64,6,VERT_A,82,1
Beauty_3840x2160_120fps_420_8bit_YUV_RAW,43,172,64,7,VERT_B,47,1
Beauty_3840x2160_120fps_420_8bit_YUV_RAW,43,172,64,8,HORZ_4,15,1
Beauty_3840x2160_120fps_420_8bit_YUV_RAW,43,172,64,9,VERT_4,22,1
Beauty_3840x2160_120fps_420_8bit_YUV_RAW,55,220,8,0,NONE,55940,0
Beauty_3840x2160_120fps_420_8bit_YUV_RAW,55,220,16,0,NONE,67099,1
Beauty_3840x2160_120fps_420_8bit_YUV_RAW,55,220,16,1,HORZ,7902,1
Beauty_3840x2160_120fps_420_8bit_YUV_RAW,55,220,16,2,VERT,1469,1
Beauty_3840x2160_120fps_420_8bit_YUV_RAW,55,220,16,3,SPLIT,19,1
Beauty_3840x2160_120fps_420_8bit_YUV_RAW,55,220,16,4,HORZ_A,19,1
Beauty_3840x2160_120fps_420_8bit_YUV_RAW,55,220,16,5,HORZ_B,31,1
Beauty_3840x2160_120fps_420_8bit_YUV_RAW,55,220,16,6,VERT_A,10,1
Beauty_3840x2160_120fps_420_8bit_YUV_RAW,55,220,16,7,VERT_B,22,1
Beauty_3840x2160_120fps_420_8bit_YUV_RAW,55,220,32,0,NONE,23598,1
Beauty_3840x2160_120fps_420_8bit_YUV_RAW,55,220,32,1,HORZ,861,1
Beauty_3840x2160_120fps_420_8bit_YUV_RAW,55,220,32,2,VERT,618,1
Beauty_3840x2160_120fps_420_8bit_YUV_RAW,55,220,32,3,SPLIT,4848,1
Beauty_3840x2160_120fps_420_8bit_YUV_RAW,55,220,32,4,HORZ_A,143,1
Beauty_3840x2160_120fps_420_8bit_YUV_RAW,55,220,32,5,HORZ_B,84,1
Beauty_3840x2160_120fps_420_8bit_YUV_RAW,55,220,32,6,VERT_A,117,1
Beauty_3840x2160_120fps_420_8bit_YUV_RAW,55,220,32,7,VERT_B,54,1
Beauty_3840x2160_120fps_420_8bit_YUV_RAW,55,220,32,8,HORZ_4,91,1
Beauty_3840x2160_120fps_420_8bit_YUV_RAW,55,220,32,9,VERT_4,114,1
Beauty_3840x2160_120fps_420_8bit_YUV_RAW,55,220,64,0,NONE,4875,1
Beauty_3840x2160_120fps_420_8bit_YUV_RAW,55,220,64,1,HORZ,219,1
Beauty_3840x2160_120fps_420_8bit_YUV_RAW,55,220,64,2,VERT,179,1
Beauty_3840x2160_120fps_420_8bit_YUV_RAW,55,220,64,3,SPLIT,2733,1
Beauty_3840x2160_120fps_420_8bit_YUV_RAW,55,220,64,4,HORZ_A,54,1
Beauty_3840x2160_120fps_420_8bit_YUV_RAW,55,220,64,5,HORZ_B,60,1
Beauty_3840x2160_120fps_420_8bit_YUV_RAW,55,220,64,6,VERT_A,57,1
Beauty_3840x2160_120fps_420_8bit_YUV_RAW,55,220,64,7,VERT_B,61,1
Beauty_3840x2160_120fps_420_8bit_YUV_RAW,55,220,64,8,HORZ_4,22,1
Beauty_3840x2160_120fps_420_8bit_YUV_RAW,55,220,64,9,VERT_4,32,1
Bosphorus_3840x2160_120fps_420_8bit_YUV_RAW,20,80,8,0,NONE,380442,0
Bosphorus_3840x2160_120fps_420_8bit_YUV_RAW,20,80,16,0,NONE,108527,1
Bosphorus_3840x2160_120fps_420_8bit_YUV_RAW,20,80,16,1,HORZ,14340,1
Bosphorus_3840x2160_120fps_420_8bit_YUV_RAW,20,80,16,2,VERT,4338,1
Bosphorus_3840x2160_120fps_420_8bit_YUV_RAW,20,80,16,3,SPLIT,2778,1
Bosphorus_3840x2160_120fps_420_8bit_YUV_RAW,20,80,16,4,HORZ_A,1057,1
Bosphorus_3840x2160_120fps_420_8bit_YUV_RAW,20,80,16,5,HORZ_B,786,1
Bosphorus_3840x2160_120fps_420_8bit_YUV_RAW,20,80,16,6,VERT_A,609,1
Bosphorus_3840x2160_120fps_420_8bit_YUV_RAW,20,80,16,7,VERT_B,439,1
Bosphorus_3840x2160_120fps_420_8bit_YUV_RAW,20,80,32,0,NONE,17042,1
Bosphorus_3840x2160_120fps_420_8bit_YUV_RAW,20,80,32,1,HORZ,4376,1
Bosphorus_3840x2160_120fps_420_8bit_YUV_RAW,20,80,32,2,VERT,1298,1
Bosphorus_3840x2160_120fps_420_8bit_YUV_RAW,20,80,32,3,SPLIT,7738,1
Bosphorus_3840x2160_120fps_420_8bit_YUV_RAW,20,80,32,4,HORZ_A,1871,1
Bosphorus_3840x2160_120fps_420_8bit_YUV_RAW,20,80,32,5,HORZ_B,2309,1
Bosphorus_3840x2160_120fps_420_8bit_YUV_RAW,20,80,32,6,VERT_A,825,1
Bosphorus_3840x2160_120fps_420_8bit_YUV_RAW,20,80,32,7,VERT_B,1346,1
Bosphorus_3840x2160_120fps_420_8bit_YUV_RAW,20,80,32,8,HORZ_4,1817,1
Bosphorus_3840x2160_120fps_420_8bit_YUV_RAW,20,80,32,9,VERT_4,260,1
Bosphorus_3840x2160_120fps_420_8bit_YUV_RAW,20,80,64,0,NONE,1580,1
Bosphorus_3840x2160_120fps_420_8bit_YUV_RAW,20,80,64,1,HORZ,227,1
Bosphorus_3840x2160_120fps_420_8bit_YUV_RAW,20,80,64,2,VERT,24,1
Bosphorus_3840x2160_120fps_420_8bit_YUV_RAW,20,80,64,3,SPLIT,7805,1
Bosphorus_3840x2160_120fps_420_8bit_YUV_RAW,20,80,64,4,HORZ_A,85,1
Bosphorus_3840x2160_120fps_420_8bit_YUV_RAW,20,80,64,5,HORZ_B,97,1
Bosphorus_3840x2160_120fps_420_8bit_YUV_RAW,20,80,64,6,VERT_A,5,1
Bosphorus_3840x2160_120fps_420_8bit_YUV_RAW,20,80,64,7,VERT_B,28,1
Bosphorus_3840x2160_120fps_420_8bit_YUV_RAW,20,80,64,8,HORZ_4,147,1
Bosphorus_3840x2160_120fps_420_8bit_YUV_RAW,20,80,64,9,VERT_4,27,1
Bosphorus_3840x2160_120fps_420_8bit_YUV_RAW,32,128,8,0,NONE,251863,0
Bosphorus_3840x2160_120fps_420_8bit_YUV_RAW,32,128,16,0,NONE,104826,1
Bosphorus_3840x2160_120fps_420_8bit_YUV_RAW,32,128,16,1,HORZ,6865,1
Bosphorus_3840x2160_120fps_420_8bit_YUV_RAW,32,128,16,2,VERT,2893,1
Bosphorus_3840x2160_120fps_420_8bit_YUV_RAW,32,128,16,3,SPLIT,630,1
Bosphorus_3840x2160_120fps_420_8bit_YUV_RAW,32,128,16,4,HORZ_A,231,1
Bosphorus_3840x2160_120fps_420_8bit_YUV_RAW,32,128,16,5,HORZ_B,308,1
Bosphorus_3840x2160_120fps_420_8bit_YUV_RAW,32,128,16,6,VERT_A,150,1
Bosphorus_3840x2160_120fps_420_8bit_YUV_RAW,32,128,16,7,VERT_B,158,1
Bosphorus_3840x2160_120fps_420_8bit_YUV_RAW,32,128,32,0,NONE,21975,1
Bosphorus_3840x2160_120fps_420_8bit_YUV_RAW,32,128,32,1,HORZ,5022,1
Bosphorus_3840x2160_120fps_420_8bit_YUV_RAW,32,128,32,2,VERT,1705,1
Bosphorus_3840x2160_120fps_420_8bit_YUV_RAW,32,128,32,3,SPLIT,3677,1
Bosphorus_3840x2160_120fps_420_8bit_YUV_RAW,32,128,32,4,HORZ_A,1060,1
Bosphorus_3840x2160_120fps_420_8bit_YUV_RAW,32,128,32,5,HORZ_B,1162,1
Bosphorus_3840x2160_120fps_420_8bit_YUV_RAW,32,128,32,6,VERT_A,534,1
Bosphorus_3840x2160_120fps_420_8bit_YUV_RAW,32,128,32,7,VERT_B,667,1
Bosphorus_3840x2160_120fps_420_8bit_YUV_RAW,32,128,32,8,HORZ_4,997,1
Bosphorus_3840x2160_120fps_420_8bit_YUV_RAW,32,128,32,9,VERT_4,207,1
Bosphorus_3840x2160_120fps_420_8bit_YUV_RAW,32,128,64,0,NONE,2315,1
Bosphorus_3840x2160_120fps_420_8bit_YUV_RAW,32,128,64,1,HORZ,656,1
Bosphorus_3840x2160_120fps_420_8bit_YUV_RAW,32,128,64,2,VERT,83,1
Bosphorus_3840x2160_120fps_420_8bit_YUV_RAW,32,128,64,3,SPLIT,6173,1
Bosphorus_3840x2160_120fps_420_8bit_YUV_RAW,32,128,64,4,HORZ_A,169,1
Bosphorus_3840x2160_120fps_420_8bit_YUV_RAW,32,128,64,5,HORZ_B,256,1
Bosphorus_3840x2160_120fps_420_8bit_YUV_RAW,32,128,64,6,VERT_A,19,1
Bosphorus_3840x2160_120fps_420_8bit_YUV_RAW,32,128,64,7,VERT_B,35,1
Bosphorus_3840x2160_120fps_420_8bit_YUV_RAW,32,128,64,8,HORZ_4,183,1
Bosphorus_3840x2160_120fps_420_8bit_YUV_RAW,32,128,64,9,VERT_4,11,1
Bosphorus_3840x2160_120fps_420_8bit_YUV_RAW,43,172,8,0,NONE,129439,0
Bosphorus_3840x2160_120fps_420_8bit_YUV_RAW,43,172,16,0,NONE,90341,1
Bosphorus_3840x2160_120fps_420_8bit_YUV_RAW,43,172,16,1,HORZ,3280,1
Bosphorus_3840x2160_120fps_420_8bit_YUV_RAW,43,172,16,2,VERT,1812,1
Bosphorus_3840x2160_120fps_420_8bit_YUV_RAW,43,172,16,3,SPLIT,62,1
Bosphorus_3840x2160_120fps_420_8bit_YUV_RAW,43,172,16,4,HORZ_A,63,1
Bosphorus_3840x2160_120fps_420_8bit_YUV_RAW,43,172,16,5,HORZ_B,105,1
Bosphorus_3840x2160_120fps_420_8bit_YUV_RAW,43,172,16,6,VERT_A,39,1
Bosphorus_3840x2160_120fps_420_8bit_YUV_RAW,43,172,16,7,VERT_B,48,1
Bosphorus_3840x2160_120fps_420_8bit_YUV_RAW,43,172,32,0,NONE,21485,1
Bosphorus_3840x2160_120fps_420_8bit_YUV_RAW,43,172,32,1,HORZ,6178,1
Bosphorus_3840x2160_120fps_420_8bit_YUV_RAW,43,172,32,2,VERT,2387,1
Bosphorus_3840x2160_120fps_420_8bit_YUV_RAW,43,172,32,3,SPLIT,1709,1
Bosphorus_3840x2160_120fps_420_8bit_YUV_RAW,43,172,32,4,HORZ_A,538,1
Bosphorus_3840x2160_120fps_420_8bit_YUV_RAW,43,172,32,5,HORZ_B,482,1
Bosphorus_3840x2160_120fps_420_8bit_YUV_RAW,43,172,32,6,VERT_A,336,1
Bosphorus_3840x2160_120fps_420_8bit_YUV_RAW,43,172,32,7,VERT_B,255,1
Bosphorus_3840x2160_120fps_420_8bit_YUV_RAW,43,172,32,8,HORZ_4,731,1
Bosphorus_3840x2160_120fps_420_8bit_YUV_RAW,43,172,32,9,VERT_4,214,1
Bosphorus_3840x2160_120fps_420_8bit_YUV_RAW,43,172,64,0,NONE,3149,1
Bosphorus_3840x2160_120fps_420_8bit_YUV_RAW,43,172,64,1,HORZ,861,1
Bosphorus_3840x2160_120fps_420_8bit_YUV_RAW,43,172,64,2,VERT,192,1
Bosphorus_3840x2160_120fps_420_8bit_YUV_RAW,43,172,64,3,SPLIT,4466,1
Bosphorus_3840x2160_120fps_420_8bit_YUV_RAW,43,172,64,4,HORZ_A,141,1
Bosphorus_3840x2160_120fps_420_8bit_YUV_RAW,43,172,64,5,HORZ_B,236,1
Bosphorus_3840x2160_120fps_420_8bit_YUV_RAW,43,172,64,6,VERT_A,31,1
Bosphorus_3840x2160_120fps_420_8bit_YUV_RAW,43,172,64,7,VERT_B,125,1
Bosphorus_3840x2160_120fps_420_8bit_YUV_RAW,43,172,64,8,HORZ_4,396,1
Bosphorus_3840x2160_120fps_420_8bit_YUV_RAW,43,172,64,9,VERT_4,23,1
Bosphorus_3840x2160_120fps_420_8bit_YUV_RAW,55,220,8,0,NONE,59155,0
Bosphorus_3840x2160_120fps_420_8bit_YUV_RAW,55,220,16,0,NONE,64888,1
Bosphorus_3840x2160_120fps_420_8bit_YUV_RAW,55,220,16,1,HORZ,1707,1
Bosphorus_3840x2160_120fps_420_8bit_YUV_RAW,55,220,16,2,VERT,963,1
Bosphorus_3840x2160_120fps_420_8bit_YUV_RAW,55,220,16,3,SPLIT,25,1
Bosphorus_3840x2160_120fps_420_8bit_YUV_RAW,55,220,16,4,HORZ_A,32,1
Bosphorus_3840x2160_120fps_420_8bit_YUV_RAW,55,220,16,5,HORZ_B,21,1
Bosphorus_3840x2160_120fps_420_8bit_YUV_RAW,55,220,16,6,VERT_A,17,1
Bosphorus_3840x2160_120fps_420_8bit_YUV_RAW,55,220,16,7,VERT_B,18,1
Bosphorus_3840x2160_120fps_420_8bit_YUV_RAW,55,220,32,0,NONE,22294,1
Bosphorus_3840x2160_120fps_420_8bit_YUV_RAW,55,220,32,1,HORZ,4047,1
Bosphorus_3840x2160_120fps_420_8bit_YUV_RAW,55,220,32,2,VERT,1506,1
Bosphorus_3840x2160_120fps_420_8bit_YUV_RAW,55,220,32,3,SPLIT,891,1
Bosphorus_3840x2160_120fps_420_8bit_YUV_RAW,55,220,32,4,HORZ_A,265,1
Bosphorus_3840x2160_120fps_420_8bit_YUV_RAW,55,220,32,5,HORZ_B,210,1
Bosphorus_3840x2160_120fps_420_8bit_YUV_RAW,55,220,32,6,VERT_A,103,1
Bosphorus_3840x2160_120fps_420_8bit_YUV_RAW,55,220,32,7,VERT_B,113,1
Bosphorus_3840x2160_120fps_420_8bit_YUV_RAW,55,220,32,8,HORZ_4,436,1
Bosphorus_3840x2160_120fps_420_8bit_YUV_RAW,55,220,32,9,VERT_4,152,1
Bosphorus_3840x2160_120fps_420_8bit_YUV_RAW,55,220,64,0,NONE,3731,1
Bosphorus_3840x2160_120fps_420_8bit_YUV_RAW,55,220,64,1,HORZ,1024,1
Bosphorus_3840x2160_120fps_420_8bit_YUV_RAW,55,220,64,2,VERT,369,1
Bosphorus_3840x2160_120fps_420_8bit_YUV_RAW,55,220,64,3,SPLIT,3031,1
Bosphorus_3840x2160_120fps_420_8bit_YUV_RAW,55,220,64,4,HORZ_A,135,1
Bosphorus_3840x2160_120fps_420_8bit_YUV_RAW,55,220,64,5,HORZ_B,191,1
Bosphorus_3840x2160_120fps_420_8bit_YUV_RAW,55,220,64,6,VERT_A,57,1
Bosphorus_3840x2160_120fps_420_8bit_YUV_RAW,55,220,64,7,VERT_B,120,1
Bosphorus_3840x2160_120fps_420_8bit_YUV_RAW,55,220,64,8,HORZ_4,529,1
Bosphorus_3840x2160_120fps_420_8bit_YUV_RAW,55,220,64,9,VERT_4,36,1
CityAlley_3840x2160_50fps_420_8bit_YUV_RAW,20,80,8,0,NONE,395972,0
CityAlley_3840x2160_50fps_420_8bit_YUV_RAW,20,80,16,0,NONE,88096,1
CityAlley_3840x2160_50fps_420_8bit_YUV_RAW,20,80,16,1,HORZ,6782,1
CityAlley_3840x2160_50fps_420_8bit_YUV_RAW,20,80,16,2,VERT,13601,1
CityAlley_3840x2160_50fps_420_8bit_YUV_RAW,20,80,16,3,SPLIT,16904,1
CityAlley_3840x2160_50fps_420_8bit_YUV_RAW,20,80,16,4,HORZ_A,3055,1
CityAlley_3840x2160_50fps_420_8bit_YUV_RAW,20,80,16,5,HORZ_B,2160,1
CityAlley_3840x2160_50fps_420_8bit_YUV_RAW,20,80,16,6,VERT_A,4064,1
CityAlley_3840x2160_50fps_420_8bit_YUV_RAW,20,80,16,7,VERT_B,3859,1
CityAlley_3840x2160_50fps_420_8bit_YUV_RAW,20,80,32,0,NONE,16776,1
CityAlley_3840x2160_50fps_420_8bit_YUV_RAW,20,80,32,1,HORZ,455,1
CityAlley_3840x2160_50fps_420_8bit_YUV_RAW,20,80,32,2,VERT,763,1
CityAlley_3840x2160_50fps_420_8bit_YUV_RAW,20,80,32,3,SPLIT,15886,1
CityAlley_3840x2160_50fps_420_8bit_YUV_RAW,20,80,32,4,HORZ_A,404,1
CityAlley_3840x2160_50fps_420_8bit_YUV_RAW,20,80,32,5,HORZ_B,411,1
CityAlley_3840x2160_50fps_420_8bit_YUV_RAW,20,80,32,6,VERT_A,570,1
CityAlley_3840x2160_50fps_420_8bit_YUV_RAW,20,80,32,7,VERT_B,472,1
CityAlley_3840x2160_50fps_420_8bit_YUV_RAW,20,80,32,8,HORZ_4,432,1
CityAlley_3840x2160_50fps_420_8bit_YUV_RAW,20,80,32,9,VERT_4,2020,1
CityAlley_3840x2160_50fps_420_8bit_YUV_RAW,20,80,64,0,NONE,2309,1
CityAlley_3840x2160_50fps_420_8bit_YUV_RAW,20,80,64,1,HORZ,12,1
CityAlley_3840x2160_50fps_420_8bit_YUV_RAW,20,80,64,2,VERT,31,1
CityAlley_3840x2160_50fps_420_8bit_YUV_RAW,20,80,64,3,SPLIT,7477,1
CityAlley_3840x2160_50fps_420_8bit_YUV_RAW,20,80,64,4,HORZ_A,1,1
CityAlley_3840x2160_50fps_420_8bit_YUV_RAW,20,80,64,5,HORZ_B,1,1
CityAlley_3840x2160_50fps_420_8bit_YUV_RAW,20,80,64,6,VERT_A,7,1
CityAlley_3840x2160_50fps_420_8bit_YUV_RAW,20,80,64,7,VERT_B,17,1
CityAlley_3840x2160_50fps_420_8bit_YUV_RAW,20,80,64,8,HORZ_4,1,1
CityAlley_3840x2160_50fps_420_8bit_YUV_RAW,20,80,64,9,VERT_4,65,1
CityAlley_3840x2160_50fps_420_8bit_YUV_RAW,32,128,8,0,NONE,298864,0
CityAlley_3840x2160_50fps_420_8bit_YUV_RAW,32,128,16,0,NONE,87380,1
CityAlley_3840x2160_50fps_420_8bit_YUV_RAW,32,128,16,1,HORZ,6532,1
CityAlley_3840x2160_50fps_420_8bit_YUV_RAW,32,128,16,2,VERT,11606,1
CityAlley_3840x2160_50fps_420_8bit_YUV_RAW,32,128,16,3,SPLIT,10683,1
CityAlley_3840x2160_50fps_420_8bit_YUV_RAW,32,128,16,4,HORZ_A,1574,1
CityAlley_3840x2160_50fps_420_8bit_YUV_RAW,32,128,16,5,HORZ_B,1247,1
CityAlley_3840x2160_50fps_420_8bit_YUV_RAW,32,128,16,6,VERT_A,2146,1
CityAlley_3840x2160_50fps_420_8bit_YUV_RAW,32,128,16,7,VERT_B,2312,1
CityAlley_3840x2160_50fps_420_8bit_YUV_RAW,32,128,32,0,NONE,18704,1
CityAlley_3840x2160_50fps_420_8bit_YUV_RAW,32,128,32,1,HORZ,748,1
CityAlley_3840x2160_50fps_420_8bit_YUV_RAW,32,128,32,2,VERT,1092,1
CityAlley_3840x2160_50fps_420_8bit_YUV_RAW,32,128,32,3,SPLIT,12436,1
CityAlley_3840x2160_50fps_420_8bit_YUV_RAW,32,128,32,4,HORZ_A,368,1
CityAlley_3840x2160_50fps_420_8bit_YUV_RAW,32,128,32,5,HORZ_B,392,1
CityAlley_3840x2160_50fps_420_8bit_YUV_RAW,32,128,32,6,VERT_A,396,1
CityAlley_3840x2160_50fps_420_8bit_YUV_RAW,32,128,32,7,VERT_B,522,1
CityAlley_3840x2160_50fps_420_8bit_YUV_RAW,32,128,32,8,HORZ_4,539,1
CityAlley_3840x2160_50fps_420_8bit_YUV_RAW,32,128,32,9,VERT_4,2011,1
CityAlley_3840x2160_50fps_420_8bit_YUV_RAW,32,128,64,0,NONE,2887,1
CityAlley_3840x2160_50fps_420_8bit_YUV_RAW,32,128,64,1,HORZ,21,1
CityAlley_3840x2160_50fps_420_8bit_YUV_RAW,32,128,64,2,VERT,75,1
CityAlley_3840x2160_50fps_420_8bit_YUV_RAW,32,128,64,3,SPLIT,6576,1
CityAlley_3840x2160_50fps_420_8bit_YUV_RAW,32,128,64,4,HORZ_A,4,1
CityAlley_3840x2160_50fps_420_8bit_YUV_RAW,32,128,64,5,HORZ_B,7,1
CityAlley_3840x2160_50fps_420_8bit_YUV_RAW,32,128,64,6,VERT_A,13,1
CityAlley_3840x2160_50fps_420_8bit_YUV_RAW,32,128,64,7,VERT_B,38,1
CityAlley_3840x2160_50fps_420_8bit_YUV_RAW,32,128,64,8,HORZ_4,5,1
CityAlley_3840x2160_50fps_420_8bit_YUV_RAW,32,128,64,9,VERT_4,104,1
CityAlley_3840x2160_50fps_420_8bit_YUV_RAW,43,172,8,0,NONE,168390,0
CityAlley_3840x2160_50fps_420_8bit_YUV_RAW,43,172,16,0,NONE,76399,1
CityAlley_3840x2160_50fps_420_8bit_YUV_RAW,43,172,16,1,HORZ,9255,1
CityAlley_3840x2160_50fps_420_8bit_YUV_RAW,43,172,16,2,VERT,9657,1
CityAlley_3840x2160_50fps_420_8bit_YUV_RAW,43,172,16,3,SPLIT,1092,1
CityAlley_3840x2160_50fps_420_8bit_YUV_RAW,43,172,16,4,HORZ_A,715,1
CityAlley_3840x2160_50fps_420_8bit_YUV_RAW,43,172,16,5,HORZ_B,419,1
CityAlley_3840x2160_50fps_420_8bit_YUV_RAW,43,172,16,6,VERT_A,909,1
CityAlley_3840x2160_50fps_420_8bit_YUV_RAW,43,172,16,7,VERT_B,934,1
CityAlley_3840x2160_50fps_420_8bit_YUV_RAW,43,172,32,0,NONE,18971,1
CityAlley_3840x2160_50fps_420_8bit_YUV_RAW,43,172,32,1,HORZ,1871,1
CityAlley_3840x2160_50fps_420_8bit_YUV_RAW,43,172,32,2,VERT,1895,1
CityAlley_3840x2160_50fps_420_8bit_YUV_RAW,43,172,32,3,SPLIT,7915,1
CityAlley_3840x2160_50fps_420_8bit_YUV_RAW,43,172,32,4,HORZ_A,314,1
CityAlley_3840x2160_50fps_420_8bit_YUV_RAW,43,172,32,5,HORZ_B,320,1
CityAlley_3840x2160_50fps_420_8bit_YUV_RAW,43,172,32,6,VERT_A,279,1
CityAlley_3840x2160_50fps_420_8bit_YUV_RAW,43,172,32,7,VERT_B,383,1
CityAlley_3840x2160_50fps_420_8bit_YUV_RAW,43,172,32,8,HORZ_4,676,1
CityAlley_3840x2160_50fps_420_8bit_YUV_RAW,43,172,32,9,VERT_4,2081,1
CityAlley_3840x2160_50fps_420_8bit_YUV_RAW,43,172,64,0,NONE,3265,1
CityAlley_3840x2160_50fps_420_8bit_YUV_RAW,43,172,64,1,HORZ,107,1
CityAlley_3840x2160_50fps_420_8bit_YUV_RAW,43,172,64,2,VERT,245,1
CityAlley_3840x2160_50fps_420_8bit_YUV_RAW,43,172,64,3,SPLIT,5477,1
CityAlley_3840x2160_50fps_420_8bit_YUV_RAW,43,172,64,4,HORZ_A,6,1
CityAlley_3840x2160_50fps_420_8bit_YUV_RAW,43,172,64,5,HORZ_B,30,1
CityAlley_3840x2160_50fps_420_8bit_YUV_RAW,43,172,64,6,VERT_A,18,1
CityAlley_3840x2160_50fps_420_8bit_YUV_RAW,43,172,64,7,VERT_B,31,1
CityAlley_3840x2160_50fps_420_8bit_YUV_RAW,43,172,64,8,HORZ_4,23,1
CityAlley_3840x2160_50fps_420_8bit_YUV_RAW,43,172,64,9,VERT_4,129,1
CityAlley_3840x2160_50fps_420_8bit_YUV_RAW,55,220,8,0,NONE,83145,0
CityAlley_3840x2160_50fps_420_8bit_YUV_RAW,55,220,16,0,NONE,56558,1
CityAlley_3840x2160_50fps_420_8bit_YUV_RAW,55,220,16,1,HORZ,3474,1
CityAlley_3840x2160_50fps_420_8bit_YUV_RAW,55,220,16,2,VERT,5289,1
CityAlley_3840x2160_50fps_420_8bit_YUV_RAW,55,220,16,3,SPLIT,253,1
CityAlley_3840x2160_50fps_420_8bit_YUV_RAW,55,220,16,4,HORZ_A,303,1
CityAlley_3840x2160_50fps_420_8bit_YUV_RAW,55,220,16,5,HORZ_B,127,1
CityAlley_3840x2160_50fps_420_8bit_YUV_RAW,55,220,16,6,VERT_A,281,1
CityAlley_3840x2160_50fps_420_8bit_YUV_RAW,55,220,16,7,VERT_B,403,1
CityAlley_3840x2160_50fps_420_8bit_YUV_RAW,55,220,32,0,NONE,18997,1
CityAlley_3840x2160_50fps_420_8bit_YUV_RAW,55,220,32,1,HORZ,1872,1
CityAlley_3840x2160_50fps_420_8bit_YUV_RAW,55,220,32,2,VERT,1922,1
CityAlley_3840x2160_50fps_420_8bit_YUV_RAW,55,220,32,3,SPLIT,3853,1
CityAlley_3840x2160_50fps_420_8bit_YUV_RAW,55,220,32,4,HORZ_A,210,1
CityAlley_3840x2160_50fps_420_8bit_YUV_RAW,55,220,32,5,HORZ_B,147,1
CityAlley_3840x2160_50fps_420_8bit_YUV_RAW,55,220,32,6,VERT_A,175,1
CityAlley_3840x2160_50fps_420_8bit_YUV_RAW,55,220,32,7,VERT_B,233,1
CityAlley_3840x2160_50fps_420_8bit_YUV_RAW,55,220,32,8,HORZ_4,493,1
CityAlley_3840x2160_50fps_420_8bit_YUV_RAW,55,220,32,9,VERT_4,1713,1
CityAlley_3840x2160_50fps_420_8bit_YUV_RAW,55,220,64,0,NONE,3742,1
CityAlley_3840x2160_50fps_420_8bit_YUV_RAW,55,220,64,1,HORZ,159,1
CityAlley_3840x2160_50fps_420_8bit_YUV_RAW,55,220,64,2,VERT,292,1
CityAlley_3840x2160_50fps_420_8bit_YUV_RAW,55,220,64,3,SPLIT,4391,1
CityAlley_3840x2160_50fps_420_8bit_YUV_RAW,55,220,64,4,HORZ_A,18,1
CityAlley_3840x2160_50fps_420_8bit_YUV_RAW,55,220,64,5,HORZ_B,24,1
CityAlley_3840x2160_50fps_420_8bit_YUV_RAW,55,220,64,6,VERT_A,9,1
CityAlley_3840x2160_50fps_420_8bit_YUV_RAW,55,220,64,7,VERT_B,82,1
CityAlley_3840x2160_50fps_420_8bit_YUV_RAW,55,220,64,8,HORZ_4,26,1
CityAlley_3840x2160_50fps_420_8bit_YUV_RAW,55,220,64,9,VERT_4,157,1
FlowerFocus_3840x2160_50fps_420_8bit_YUV_RAW,20,80,8,0,NONE,411581,0
FlowerFocus_3840x2160_50fps_420_8bit_YUV_RAW,20,80,16,0,NONE,117871,1
FlowerFocus_3840x2160_50fps_420_8bit_YUV_RAW,20,80,16,1,HORZ,2812,1
FlowerFocus_3840x2160_50fps_420_8bit_YUV_RAW,20,80,16,2,VERT,8695,1
FlowerFocus_3840x2160_50fps_420_8bit_YUV_RAW,20,80,16,3,SPLIT,5469,1
FlowerFocus_3840x2160_50fps_420_8bit_YUV_RAW,20,80,16,4,HORZ_A,549,1
FlowerFocus_3840x2160_50fps_420_8bit_YUV_RAW,20,80,16,5,HORZ_B,611,1
FlowerFocus_3840x2160_50fps_420_8bit_YUV_RAW,20,80,16,6,VERT_A,895,1
FlowerFocus_3840x2160_50fps_420_8bit_YUV_RAW,20,80,16,7,VERT_B,727,1
FlowerFocus_3840x2160_50fps_420_8bit_YUV_RAW,20,80,32,0,NONE,18280,1
FlowerFocus_3840x2160_50fps_420_8bit_YUV_RAW,20,80,32,1,HORZ,315,1
FlowerFocus_3840x2160_50fps_420_8bit_YUV_RAW,20,80,32,2,VERT,1008,1
FlowerFocus_3840x2160_50fps_420_8bit_YUV_RAW,20,80,32,3,SPLIT,12873,1
FlowerFocus_3840x2160_50fps_420_8bit_YUV_RAW,20,80,32,4,HORZ_A,324,1
FlowerFocus_3840x2160_50fps_420_8bit_YUV_RAW,20,80,32,5,HORZ_B,1062,1
FlowerFocus_3840x2160_50fps_420_8bit_YUV_RAW,20,80,32,6,VERT_A,798,1
FlowerFocus_3840x2160_50fps_420_8bit_YUV_RAW,20,80,32,7,VERT_B,1577,1
FlowerFocus_3840x2160_50fps_420_8bit_YUV_RAW,20,80,32,8,HORZ_4,91,1
FlowerFocus_3840x2160_50fps_420_8bit_YUV_RAW,20,80,32,9,VERT_4,1087,1
FlowerFocus_3840x2160_50fps_420_8bit_YUV_RAW,20,80,64,0,NONE,2927,1
FlowerFocus_3840x2160_50fps_420_8bit_YUV_RAW,20,80,64,1,HORZ,22,1
FlowerFocus_3840x2160_50fps_420_8bit_YUV_RAW,20,80,64,2,VERT,113,1
FlowerFocus_3840x2160_50fps_420_8bit_YUV_RAW,20,80,64,3,SPLIT,6624,1
FlowerFocus_3840x2160_50fps_420_8bit_YUV_RAW,20,80,64,4,HORZ_A,5,1
FlowerFocus_3840x2160_50fps_420_8bit_YUV_RAW,20,80,64,5,HORZ_B,16,1
FlowerFocus_3840x2160_50fps_420_8bit_YUV_RAW,20,80,64,6,VERT_A,27,1
FlowerFocus_3840x2160_50fps_420_8bit_YUV_RAW,20,80,64,7,VERT_B,48,1
FlowerFocus_3840x2160_50fps_420_8bit_YUV_RAW,20,80,64,8,HORZ_4,2,1
FlowerFocus_3840x2160_50fps_420_8bit_YUV_RAW,20,80,64,9,VERT_4,39,1
FlowerFocus_3840x2160_50fps_420_8bit_YUV_RAW,32,128,8,0,NONE,255448,0
FlowerFocus_3840x2160_50fps_420_8bit_YUV_RAW,32,128,16,0,NONE,97499,1
FlowerFocus_3840x2160_50fps_420_8bit_YUV_RAW,32,128,16,1,HORZ,1804,1
FlowerFocus_3840x2160_50fps_420_8bit_YUV_RAW,32,128,16,2,VERT,1774,1
FlowerFocus_3840x2160_50fps_420_8bit_YUV_RAW,32,128,16,3,SPLIT,11298,1
FlowerFocus_3840x2160_50fps_420_8bit_YUV_RAW,32,128,16,4,HORZ_A,155,1
FlowerFocus_3840x2160_50fps_420_8bit_YUV_RAW,32,128,16,5,HORZ_B,326,1
FlowerFocus_3840x2160_50fps_420_8bit_YUV_RAW,32,128,16,6,VERT_A,97,1
FlowerFocus_3840x2160_50fps_420_8bit_YUV_RAW,32,128,16,7,VERT_B,355,1
FlowerFocus_3840x2160_50fps_420_8bit_YUV_RAW,32,128,32,0,NONE,25422,1
FlowerFocus_3840x2160_50fps_420_8bit_YUV_RAW,32,128,32,1,HORZ,380,1
FlowerFocus_3840x2160_50fps_420_8bit_YUV_RAW,32,128,32,2,VERT,737,1
FlowerFocus_3840x2160_50fps_420_8bit_YUV_RAW,32,128,32,3,SPLIT,6669,1
FlowerFocus_3840x2160_50fps_420_8bit_YUV_RAW,32,128,32,4,HORZ_A,176,1
FlowerFocus_3840x2160_50fps_420_8bit_YUV_RAW,32,128,32,5,HORZ_B,181,1
FlowerFocus_3840x2160_50fps_420_8bit_YUV_RAW,32,128,32,6,VERT_A,165,1
FlowerFocus_3840x2160_50fps_420_8bit_YUV_RAW,32,128,32,7,VERT_B,231,1
FlowerFocus_3840x2160_50fps_420_8bit_YUV_RAW,32,128,32,8,HORZ_4,66,1
FlowerFocus_3840x2160_50fps_420_8bit_YUV_RAW,32,128,32,9,VERT_4,260,1
FlowerFocus_3840x2160_50fps_420_8bit_YUV_RAW,32,128,64,0,NONE,4984,1
FlowerFocus_3840x2160_50fps_420_8bit_YUV_RAW,32,128,64,1,HORZ,39,1
FlowerFocus_3840x2160_50fps_420_8bit_YUV_RAW,32,128,64,2,VERT,112,1
FlowerFocus_3840x2160_50fps_420_8bit_YUV_RAW,32,128,64,3,SPLIT,3535,1
FlowerFocus_3840x2160_50fps_420_8bit_YUV_RAW,32,128,64,4,HORZ_A,11,1
FlowerFocus_3840x2160_50fps_420_8bit_YUV_RAW,32,128,64,5,HORZ_B,23,1
FlowerFocus_3840x2160_50fps_420_8bit_YUV_RAW,32,128,64,6,VERT_A,25,1
FlowerFocus_3840x2160_50fps_420_8bit_YUV_RAW,32,128,64,7,VERT_B,70,1
FlowerFocus_3840x2160_50fps_420_8bit_YUV_RAW,32,128,64,8,HORZ_4,7,1
FlowerFocus_3840x2160_50fps_420_8bit_YUV_RAW,32,128,64,9,VERT_4,23,1
FlowerFocus_3840x2160_50fps_420_8bit_YUV_RAW,43,172,8,0,NONE,74745,0
FlowerFocus_3840x2160_50fps_420_8bit_YUV_RAW,43,172,16,0,NONE,73665,1
FlowerFocus_3840x2160_50fps_420_8bit_YUV_RAW,43,172,16,1,HORZ,5434,1
FlowerFocus_3840x2160_50fps_420_8bit_YUV_RAW,43,172,16,2,VERT,1661,1
FlowerFocus_3840x2160_50fps_420_8bit_YUV_RAW,43,172,16,3,SPLIT,367,1
FlowerFocus_3840x2160_50fps_420_8bit_YUV_RAW,43,172,16,4,HORZ_A,49,1
FlowerFocus_3840x2160_50fps_420_8bit_YUV_RAW,43,172,16,5,HORZ_B,81,1
FlowerFocus_3840x2160_50fps_420_8bit_YUV_RAW,43,172,16,6,VERT_A,22,1
FlowerFocus_3840x2160_50fps_420_8bit_YUV_RAW,43,172,16,7,VERT_B,74,1
FlowerFocus_3840x2160_50fps_420_8bit_YUV_RAW,43,172,32,0,NONE,24751,1
FlowerFocus_3840x2160_50fps_420_8bit_YUV_RAW,43,172,32,1,HORZ,526,1
FlowerFocus_3840x2160_50fps_420_8bit_YUV_RAW,43,172,32,2,VERT,795,1
FlowerFocus_3840x2160_50fps_420_8bit_YUV_RAW,43,172,32,3,SPLIT,4724,1
FlowerFocus_3840x2160_50fps_420_8bit_YUV_RAW,43,172,32,4,HORZ_A,80,1
FlowerFocus_3840x2160_50fps_420_8bit_YUV_RAW,43,172,32,5,HORZ_B,81,1
FlowerFocus_3840x2160_50fps_420_8bit_YUV_RAW,43,172,32,6,VERT_A,59,1
FlowerFocus_3840x2160_50fps_420_8bit_YUV_RAW,43,172,32,7,VERT_B,132,1
FlowerFocus_3840x2160_50fps_420_8bit_YUV_RAW,43,172,32,8,HORZ_4,55,1
FlowerFocus_3840x2160_50fps_420_8bit_YUV_RAW,43,172,32,9,VERT_4,155,1
FlowerFocus_3840x2160_50fps_420_8bit_YUV_RAW,43,172,64,0,NONE,5309,1
FlowerFocus_3840x2160_50fps_420_8bit_YUV_RAW,43,172,64,1,HORZ,87,1
FlowerFocus_3840x2160_50fps_420_8bit_YUV_RAW,43,172,64,2,VERT,142,1
FlowerFocus_3840x2160_50fps_420_8bit_YUV_RAW,43,172,64,3,SPLIT,2740,1
FlowerFocus_3840x2160_50fps_420_8bit_YUV_RAW,43,172,64,4,HORZ_A,32,1
FlowerFocus_3840x2160_50fps_420_8bit_YUV_RAW,43,172,64,5,HORZ_B,39,1
FlowerFocus_3840x2160_50fps_420_8bit_YUV_RAW,43,172,64,6,VERT_A,33,1
FlowerFocus_3840x2160_50fps_420_8bit_YUV_RAW,43,172,64,7,VERT_B,93,1
FlowerFocus_3840x2160_50fps_420_8bit_YUV_RAW,43,172,64,8,HORZ_4,6,1
FlowerFocus_3840x2160_50fps_420_8bit_YUV_RAW,43,172,64,9,VERT_4,60,1
FlowerFocus_3840x2160_50fps_420_8bit_YUV_RAW,55,220,8,0,NONE,16444,0
FlowerFocus_3840x2160_50fps_420_8bit_YUV_RAW,55,220,16,0,NONE,33685,1
FlowerFocus_3840x2160_50fps_420_8bit_YUV_RAW,55,220,16,1,HORZ,511,1
FlowerFocus_3840x2160_50fps_420_8bit_YUV_RAW,55,220,16,2,VERT,358,1
FlowerFocus_3840x2160_50fps_420_8bit_YUV_RAW,55,220,16,3,SPLIT,3,1
FlowerFocus_3840x2160_50fps_420_8bit_YUV_RAW,55,220,16,4,HORZ_A,12,1
FlowerFocus_3840x2160_50fps_420_8bit_YUV_RAW,55,220,16,5,HORZ_B,5,1
FlowerFocus_3840x2160_50fps_420_8bit_YUV_RAW,55,220,16,6,VERT_A,5,1
FlowerFocus_3840x2160_50fps_420_8bit_YUV_RAW,55,220,16,7,VERT_B,6,1
FlowerFocus_3840x2160_50fps_420_8bit_YUV_RAW,55,220,32,0,NONE,21245,1
FlowerFocus_3840x2160_50fps_420_8bit_YUV_RAW,55,220,32,1,HORZ,785,1
FlowerFocus_3840x2160_50fps_420_8bit_YUV_RAW,55,220,32,2,VERT,737,1
FlowerFocus_3840x2160_50fps_420_8bit_YUV_RAW,55,220,32,3,SPLIT,720,1
FlowerFocus_3840x2160_50fps_420_8bit_YUV_RAW,55,220,32,4,HORZ_A,49,1
FlowerFocus_3840x2160_50fps_420_8bit_YUV_RAW,55,220,32,5,HORZ_B,46,1
FlowerFocus_3840x2160_50fps_420_8bit_YUV_RAW,55,220,32,6,VERT_A,31,1
FlowerFocus_3840x2160_50fps_420_8bit_YUV_RAW,55,220,32,7,VERT_B,57,1
FlowerFocus_3840x2160_50fps_420_8bit_YUV_RAW,55,220,32,8,HORZ_4,28,1
FlowerFocus_3840x2160_50fps_420_8bit_YUV_RAW,55,220,32,9,VERT_4,54,1
FlowerFocus_3840x2160_50fps_420_8bit_YUV_RAW,55,220,64,0,NONE,5562,1
FlowerFocus_3840x2160_50fps_420_8bit_YUV_RAW,55,220,64,1,HORZ,155,1
FlowerFocus_3840x2160_50fps_420_8bit_YUV_RAW,55,220,64,2,VERT,295,1
FlowerFocus_3840x2160_50fps_420_8bit_YUV_RAW,55,220,64,3,SPLIT,1855,1
FlowerFocus_3840x2160_50fps_420_8bit_YUV_RAW,55,220,64,4,HORZ_A,23,1
FlowerFocus_3840x2160_50fps_420_8bit_YUV_RAW,55,220,64,5,HORZ_B,34,1
FlowerFocus_3840x2160_50fps_420_8bit_YUV_RAW,55,220,64,6,VERT_A,29,1
FlowerFocus_3840x2160_50fps_420_8bit_YUV_RAW,55,220,64,7,VERT_B,103,1
FlowerFocus_3840x2160_50fps_420_8bit_YUV_RAW,55,220,64,8,HORZ_4,5,1
FlowerFocus_3840x2160_50fps_420_8bit_YUV_RAW,55,220,64,9,VERT_4,70,1
FlowerKids_3840x2160_50fps_420_8bit_YUV_RAW,20,80,8,0,NONE,390804,0
FlowerKids_3840x2160_50fps_420_8bit_YUV_RAW,20,80,16,0,NONE,59968,1
FlowerKids_3840x2160_50fps_420_8bit_YUV_RAW,20,80,16,1,HORZ,12399,1
FlowerKids_3840x2160_50fps_420_8bit_YUV_RAW,20,80,16,2,VERT,15551,1
FlowerKids_3840x2160_50fps_420_8bit_YUV_RAW,20,80,16,3,SPLIT,9910,1
FlowerKids_3840x2160_50fps_420_8bit_YUV_RAW,20,80,16,4,HORZ_A,6671,1
FlowerKids_3840x2160_50fps_420_8bit_YUV_RAW,20,80,16,5,HORZ_B,7312,1
FlowerKids_3840x2160_50fps_420_8bit_YUV_RAW,20,80,16,6,VERT_A,7454,1
FlowerKids_3840x2160_50fps_420_8bit_YUV_RAW,20,80,16,7,VERT_B,6907,1
FlowerKids_3840x2160_50fps_420_8bit_YUV_RAW,20,80,32,0,NONE,11359,1
FlowerKids_3840x2160_50fps_420_8bit_YUV_RAW,20,80,32,1,HORZ,1013,1
FlowerKids_3840x2160_50fps_420_8bit_YUV_RAW,20,80,32,2,VERT,1042,1
FlowerKids_3840x2160_50fps_420_8bit_YUV_RAW,20,80,32,3,SPLIT,18735,1
FlowerKids_3840x2160_50fps_420_8bit_YUV_RAW,20,80,32,4,HORZ_A,465,1
FlowerKids_3840x2160_50fps_420_8bit_YUV_RAW,20,80,32,5,HORZ_B,673,1
FlowerKids_3840x2160_50fps_420_8bit_YUV_RAW,20,80,32,6,VERT_A,481,1
FlowerKids_3840x2160_50fps_420_8bit_YUV_RAW,20,80,32,7,VERT_B,713,1
FlowerKids_3840x2160_50fps_420_8bit_YUV_RAW,20,80,32,8,HORZ_4,495,1
FlowerKids_3840x2160_50fps_420_8bit_YUV_RAW,20,80,32,9,VERT_4,767,1
FlowerKids_3840x2160_50fps_420_8bit_YUV_RAW,20,80,64,0,NONE,2222,1
FlowerKids_3840x2160_50fps_420_8bit_YUV_RAW,20,80,64,1,HORZ,97,1
FlowerKids_3840x2160_50fps_420_8bit_YUV_RAW,20,80,64,2,VERT,69,1
FlowerKids_3840x2160_50fps_420_8bit_YUV_RAW,20,80,64,3,SPLIT,6469,1
FlowerKids_3840x2160_50fps_420_8bit_YUV_RAW,20,80,64,4,HORZ_A,10,1
FlowerKids_3840x2160_50fps_420_8bit_YUV_RAW,20,80,64,5,HORZ_B,16,1
FlowerKids_3840x2160_50fps_420_8bit_YUV_RAW,20,80,64,6,VERT_A,12,1
FlowerKids_3840x2160_50fps_420_8bit_YUV_RAW,20,80,64,7,VERT_B,18,1
FlowerKids_3840x2160_50fps_420_8bit_YUV_RAW,20,80,64,8,HORZ_4,8,1
FlowerKids_3840x2160_50fps_420_8bit_YUV_RAW,20,80,64,9,VERT_4,8,1
FlowerKids_3840x2160_50fps_420_8bit_YUV_RAW,32,128,8,0,NONE,290090,0
FlowerKids_3840x2160_50fps_420_8bit_YUV_RAW,32,128,16,0,NONE,75402,1
FlowerKids_3840x2160_50fps_420_8bit_YUV_RAW,32,128,16,1,HORZ,8629,1
FlowerKids_3840x2160_50fps_420_8bit_YUV_RAW,32,128,16,2,VERT,10564,1
FlowerKids_3840x2160_50fps_420_8bit_YUV_RAW,32,128,16,3,SPLIT,6004,1
FlowerKids_3840x2160_50fps_420_8bit_YUV_RAW,32,128,16,4,HORZ_A,2878,1
FlowerKids_3840x2160_50fps_420_8bit_YUV_RAW,32,128,16,5,HORZ_B,2926,1
FlowerKids_3840x2160_50fps_420_8bit_YUV_RAW,32,128,16,6,VERT_A,3090,1
FlowerKids_3840x2160_50fps_420_8bit_YUV_RAW,32,128,16,7,VERT_B,2746,1
FlowerKids_3840x2160_50fps_420_8bit_YUV_RAW,32,128,32,0,NONE,15275,1
FlowerKids_3840x2160_50fps_420_8bit_YUV_RAW,32,128,32,1,HORZ,983,1
FlowerKids_3840x2160_50fps_420_8bit_YUV_RAW,32,128,32,2,VERT,1061,1
FlowerKids_3840x2160_50fps_420_8bit_YUV_RAW,32,128,32,3,SPLIT,13765,1
FlowerKids_3840x2160_50fps_420_8bit_YUV_RAW,32,128,32,4,HORZ_A,569,1
FlowerKids_3840x2160_50fps_420_8bit_YUV_RAW,32,128,32,5,HORZ_B,792,1
FlowerKids_3840x2160_50fps_420_8bit_YUV_RAW,32,128,32,6,VERT_A,567,1
FlowerKids_3840x2160_50fps_420_8bit_YUV_RAW,32,128,32,7,VERT_B,831,1
FlowerKids_3840x2160_50fps_420_8bit_YUV_RAW,32,128,32,8,HORZ_4,384,1
FlowerKids_3840x2160_50fps_420_8bit_YUV_RAW,32,128,32,9,VERT_4,898,1
FlowerKids_3840x2160_50fps_420_8bit_YUV_RAW,32,128,64,0,NONE,2680,1
FlowerKids_3840x2160_50fps_420_8bit_YUV_RAW,32,128,64,1,HORZ,49,1
FlowerKids_3840x2160_50fps_420_8bit_YUV_RAW,32,128,64,2,VERT,66,1
FlowerKids_3840x2160_50fps_420_8bit_YUV_RAW,32,128,64,3,SPLIT,6757,1
FlowerKids_3840x2160_50fps_420_8bit_YUV_RAW,32,128,64,4,HORZ_A,2,1
FlowerKids_3840x2160_50fps_420_8bit_YUV_RAW,32,128,64,5,HORZ_B,17,1
FlowerKids_3840x2160_50fps_420_8bit_YUV_RAW,32,128,64,6,VERT_A,5,1
FlowerKids_3840x2160_50fps_420_8bit_YUV_RAW,32,128,64,7,VERT_B,16,1
FlowerKids_3840x2160_50fps_420_8bit_YUV_RAW,32,128,64,8,HORZ_4,3,1
FlowerKids_3840x2160_50fps_420_8bit_YUV_RAW,32,128,64,9,VERT_4,3,1
FlowerKids_3840x2160_50fps_420_8bit_YUV_RAW,43,172,8,0,NONE,194656,0
FlowerKids_3840x2160_50fps_420_8bit_YUV_RAW,43,172,16,0,NONE,70474,1
FlowerKids_3840x2160_50fps_420_8bit_YUV_RAW,43,172,16,1,HORZ,10249,1
FlowerKids_3840x2160_50fps_420_8bit_YUV_RAW,43,172,16,2,VERT,9457,1
FlowerKids_3840x2160_50fps_420_8bit_YUV_RAW,43,172,16,3,SPLIT,534,1
FlowerKids_3840x2160_50fps_420_8bit_YUV_RAW,43,172,16,4,HORZ_A,1460,1
FlowerKids_3840x2160_50fps_420_8bit_YUV_RAW,43,172,16,5,HORZ_B,1026,1
FlowerKids_3840x2160_50fps_420_8bit_YUV_RAW,43,172,16,6,VERT_A,1251,1
FlowerKids_3840x2160_50fps_420_8bit_YUV_RAW,43,172,16,7,VERT_B,843,1
FlowerKids_3840x2160_50fps_420_8bit_YUV_RAW,43,172,32,0,NONE,13140,1
FlowerKids_3840x2160_50fps_420_8bit_YUV_RAW,43,172,32,1,HORZ,2619,1
FlowerKids_3840x2160_50fps_420_8bit_YUV_RAW,43,172,32,2,VERT,2525,1
FlowerKids_3840x2160_50fps_420_8bit_YUV_RAW,43,172,32,3,SPLIT,8223,1
FlowerKids_3840x2160_50fps_420_8bit_YUV_RAW,43,172,32,4,HORZ_A,684,1
FlowerKids_3840x2160_50fps_420_8bit_YUV_RAW,43,172,32,5,HORZ_B,704,1
FlowerKids_3840x2160_50fps_420_8bit_YUV_RAW,43,172,32,6,VERT_A,633,1
FlowerKids_3840x2160_50fps_420_8bit_YUV_RAW,43,172,32,7,VERT_B,801,1
FlowerKids_3840x2160_50fps_420_8bit_YUV_RAW,43,172,32,8,HORZ_4,860,1
FlowerKids_3840x2160_50fps_420_8bit_YUV_RAW,43,172,32,9,VERT_4,1323,1
FlowerKids_3840x2160_50fps_420_8bit_YUV_RAW,43,172,64,0,NONE,2790,1
FlowerKids_3840x2160_50fps_420_8bit_YUV_RAW,43,172,64,1,HORZ,61,1
FlowerKids_3840x2160_50fps_420_8bit_YUV_RAW,43,172,64,2,VERT,62,1
FlowerKids_3840x2160_50fps_420_8bit_YUV_RAW,43,172,64,3,SPLIT,6280,1
FlowerKids_3840x2160_50fps_420_8bit_YUV_RAW,43,172,64,4,HORZ_A,7,1
FlowerKids_3840x2160_50fps_420_8bit_YUV_RAW,43,172,64,5,HORZ_B,24,1
FlowerKids_3840x2160_50fps_420_8bit_YUV_RAW,43,172,64,6,VERT_A,11,1
FlowerKids_3840x2160_50fps_420_8bit_YUV_RAW,43,172,64,7,VERT_B,34,1
FlowerKids_3840x2160_50fps_420_8bit_YUV_RAW,43,172,64,8,HORZ_4,19,1
FlowerKids_3840x2160_50fps_420_8bit_YUV_RAW,43,172,64,9,VERT_4,16,1
FlowerKids_3840x2160_50fps_420_8bit_YUV_RAW,55,220,8,0,NONE,112208,0
FlowerKids_3840x2160_50fps_420_8bit_YUV_RAW,55,220,16,0,NONE,65987,1
FlowerKids_3840x2160_50fps_420_8bit_YUV_RAW,55,220,16,1,HORZ,5483,1
FlowerKids_3840x2160_50fps_420_8bit_YUV_RAW,55,220,16,2,VERT,4536,1
FlowerKids_3840x2160_50fps_420_8bit_YUV_RAW,55,220,16,3,SPLIT,137,1
FlowerKids_3840x2160_50fps_420_8bit_YUV_RAW,55,220,16,4,HORZ_A,330,1
FlowerKids_3840x2160_50fps_420_8bit_YUV_RAW,55,220,16,5,HORZ_B,228,1
FlowerKids_3840x2160_50fps_420_8bit_YUV_RAW,55,220,16,6,VERT_A,338,1
FlowerKids_3840x2160_50fps_420_8bit_YUV_RAW,55,220,16,7,VERT_B,125,1
FlowerKids_3840x2160_50fps_420_8bit_YUV_RAW,55,220,32,0,NONE,12886,1
FlowerKids_3840x2160_50fps_420_8bit_YUV_RAW,55,220,32,1,HORZ,3245,1
FlowerKids_3840x2160_50fps_420_8bit_YUV_RAW,55,220,32,2,VERT,2952,1
FlowerKids_3840x2160_50fps_420_8bit_YUV_RAW,55,220,32,3,SPLIT,4037,1
FlowerKids_3840x2160_50fps_420_8bit_YUV_RAW,55,220,32,4,HORZ_A,641,1
FlowerKids_3840x2160_50fps_420_8bit_YUV_RAW,55,220,32,5,HORZ_B,655,1
FlowerKids_3840x2160_50fps_420_8bit_YUV_RAW,55,220,32,6,VERT_A,516,1
FlowerKids_3840x2160_50fps_420_8bit_YUV_RAW,55,220,32,7,VERT_B,618,1
FlowerKids_3840x2160_50fps_420_8bit_YUV_RAW,55,220,32,8,HORZ_4,1119,1
FlowerKids_3840x2160_50fps_420_8bit_YUV_RAW,55,220,32,9,VERT_4,1378,1
FlowerKids_3840x2160_50fps_420_8bit_YUV_RAW,55,220,64,0,NONE,2588,1
FlowerKids_3840x2160_50fps_420_8bit_YUV_RAW,55,220,64,1,HORZ,84,1
FlowerKids_3840x2160_50fps_420_8bit_YUV_RAW,55,220,64,2,VERT,143,1
FlowerKids_3840x2160_50fps_420_8bit_YUV_RAW,55,220,64,3,SPLIT,5529,1
FlowerKids_3840x2160_50fps_420_8bit_YUV_RAW,55,220,64,4,HORZ_A,10,1
FlowerKids_3840x2160_50fps_420_8bit_YUV_RAW,55,220,64,5,HORZ_B,43,1
FlowerKids_3840x2160_50fps_420_8bit_YUV_RAW,55,220,64,6,VERT_A,13,1
FlowerKids_3840x2160_50fps_420_8bit_YUV_RAW,55,220,64,7,VERT_B,42,1
FlowerKids_3840x2160_50fps_420_8bit_YUV_RAW,55,220,64,8,HORZ_4,27,1
FlowerKids_3840x2160_50fps_420_8bit_YUV_RAW,55,220,64,9,VERT_4,43,1
FlowerPan_3840x2160_50fps_420_8bit_YUV_RAW,20,80,8,0,NONE,549358,0
FlowerPan_3840x2160_50fps_420_8bit_YUV_RAW,20,80,16,0,NONE,45272,1
FlowerPan_3840x2160_50fps_420_8bit_YUV_RAW,20,80,16,1,HORZ,10890,1
FlowerPan_3840x2160_50fps_420_8bit_YUV_RAW,20,80,16,2,VERT,39688,1
FlowerPan_3840x2160_50fps_420_8bit_YUV_RAW,20,80,16,3,SPLIT,11920,1
FlowerPan_3840x2160_50fps_420_8bit_YUV_RAW,20,80,16,4,HORZ_A,9682,1
FlowerPan_3840x2160_50fps_420_8bit_YUV_RAW,20,80,16,5,HORZ_B,8448,1
FlowerPan_3840x2160_50fps_420_8bit_YUV_RAW,20,80,16,6,VERT_A,18901,1
FlowerPan_3840x2160_50fps_420_8bit_YUV_RAW,20,80,16,7,VERT_B,15008,1
FlowerPan_3840x2160_50fps_420_8bit_YUV_RAW,20,80,32,0,NONE,1462,1
FlowerPan_3840x2160_50fps_420_8bit_YUV_RAW,20,80,32,1,HORZ,133,1
FlowerPan_3840x2160_50fps_420_8bit_YUV_RAW,20,80,32,2,VERT,453,1
FlowerPan_3840x2160_50fps_420_8bit_YUV_RAW,20,80,32,3,SPLIT,35265,1
FlowerPan_3840x2160_50fps_420_8bit_YUV_RAW,20,80,32,4,HORZ_A,240,1
FlowerPan_3840x2160_50fps_420_8bit_YUV_RAW,20,80,32,5,HORZ_B,511,1
FlowerPan_3840x2160_50fps_420_8bit_YUV_RAW,20,80,32,6,VERT_A,632,1
FlowerPan_3840x2160_50fps_420_8bit_YUV_RAW,20,80,32,7,VERT_B,974,1
FlowerPan_3840x2160_50fps_420_8bit_YUV_RAW,20,80,32,8,HORZ_4,19,1
FlowerPan_3840x2160_50fps_420_8bit_YUV_RAW,20,80,32,9,VERT_4,1068,1
FlowerPan_3840x2160_50fps_420_8bit_YUV_RAW,20,80,64,0,NONE,36,1
FlowerPan_3840x2160_50fps_420_8bit_YUV_RAW,20,80,64,2,VERT,1,1
FlowerPan_3840x2160_50fps_420_8bit_YUV_RAW,20,80,64,3,SPLIT,10153,1
FlowerPan_3840x2160_50fps_420_8bit_YUV_RAW,20,80,64,4,HORZ_A,2,1
FlowerPan_3840x2160_50fps_420_8bit_YUV_RAW,20,80,64,6,VERT_A,2,1
FlowerPan_3840x2160_50fps_420_8bit_YUV_RAW,20,80,64,7,VERT_B,2,1
FlowerPan_3840x2160_50fps_420_8bit_YUV_RAW,32,128,8,0,NONE,475989,0
FlowerPan_3840x2160_50fps_420_8bit_YUV_RAW,32,128,16,0,NONE,85136,1
FlowerPan_3840x2160_50fps_420_8bit_YUV_RAW,32,128,16,1,HORZ,11343,1
FlowerPan_3840x2160_50fps_420_8bit_YUV_RAW,32,128,16,2,VERT,31513,1
FlowerPan_3840x2160_50fps_420_8bit_YUV_RAW,32,128,16,3,SPLIT,3099,1
FlowerPan_3840x2160_50fps_420_8bit_YUV_RAW,32,128,16,4,HORZ_A,5349,1
FlowerPan_3840x2160_50fps_420_8bit_YUV_RAW,32,128,16,5,HORZ_B,3063,1
FlowerPan_3840x2160_50fps_420_8bit_YUV_RAW,32,128,16,6,VERT_A,7181,1
FlowerPan_3840x2160_50fps_420_8bit_YUV_RAW,32,128,16,7,VERT_B,5705,1
FlowerPan_3840x2160_50fps_420_8bit_YUV_RAW,32,128,32,0,NONE,6086,1
FlowerPan_3840x2160_50fps_420_8bit_YUV_RAW,32,128,32,1,HORZ,911,1
FlowerPan_3840x2160_50fps_420_8bit_YUV_RAW,32,128,32,2,VERT,1918,1
FlowerPan_3840x2160_50fps_420_8bit_YUV_RAW,32,128,32,3,SPLIT,23082,1
FlowerPan_3840x2160_50fps_420_8bit_YUV_RAW,32,128,32,4,HORZ_A,1019,1
FlowerPan_3840x2160_50fps_420_8bit_YUV_RAW,32,128,32,5,HORZ_B,1346,1
FlowerPan_3840x2160_50fps_420_8bit_YUV_RAW,32,128,32,6,VERT_A,1528,1
FlowerPan_3840x2160_50fps_420_8bit_YUV_RAW,32,128,32,7,VERT_B,2074,1
FlowerPan_3840x2160_50fps_420_8bit_YUV_RAW,32,128,32,8,HORZ_4,168,1
FlowerPan_3840x2160_50fps_420_8bit_YUV_RAW,32,128,32,9,VERT_4,2389,1
FlowerPan_3840x2160_50fps_420_8bit_YUV_RAW,32,128,64,0,NONE,238,1
FlowerPan_3840x2160_50fps_420_8bit_YUV_RAW,32,128,64,1,HORZ,7,1
FlowerPan_3840x2160_50fps_420_8bit_YUV_RAW,32,128,64,2,VERT,10,1
FlowerPan_3840x2160_50fps_420_8bit_YUV_RAW,32,128,64,3,SPLIT,9879,1
FlowerPan_3840x2160_50fps_420_8bit_YUV_RAW,32,128,64,4,HORZ_A,3,1
FlowerPan_3840x2160_50fps_420_8bit_YUV_RAW,32,128,64,5,HORZ_B,13,1
FlowerPan_3840x2160_50fps_420_8bit_YUV_RAW,32,128,64,6,VERT_A,8,1
FlowerPan_3840x2160_50fps_420_8bit_YUV_RAW,32,128,64,7,VERT_B,20,1
FlowerPan_3840x2160_50fps_420_8bit_YUV_RAW,32,128,64,9,VERT_4,5,1
FlowerPan_3840x2160_50fps_420_8bit_YUV_RAW,43,172,8,0,NONE,333170,0
FlowerPan_3840x2160_50fps_420_8bit_YUV_RAW,43,172,16,0,NONE,110370,1
FlowerPan_3840x2160_50fps_420_8bit_YUV_RAW,43,172,16,1,HORZ,8457,1
FlowerPan_3840x2160_50fps_420_8bit_YUV_RAW,43,172,16,2,VERT,18159,1
FlowerPan_3840x2160_50fps_420_8bit_YUV_RAW,43,172,16,3,SPLIT,273,1
FlowerPan_3840x2160_50fps_420_8bit_YUV_RAW,43,172,16,4,HORZ_A,1875,1
FlowerPan_3840x2160_50fps_420_8bit_YUV_RAW,43,172,16,5,HORZ_B,896,1
FlowerPan_3840x2160_50fps_420_8bit_YUV_RAW,43,172,16,6,VERT_A,2146,1
FlowerPan_3840x2160_50fps_420_8bit_YUV_RAW,43,172,16,7,VERT_B,1348,1
FlowerPan_3840x2160_50fps_420_8bit_YUV_RAW,43,172,32,0,NONE,8329,1
FlowerPan_3840x2160_50fps_420_8bit_YUV_RAW,43,172,32,1,HORZ,3636,1
FlowerPan_3840x2160_50fps_420_8bit_YUV_RAW,43,172,32,2,VERT,5099,1
FlowerPan_3840x2160_50fps_420_8bit_YUV_RAW,43,172,32,3,SPLIT,11847,1
FlowerPan_3840x2160_50fps_420_8bit_YUV_RAW,43,172,32,4,HORZ_A,1622,1
FlowerPan_3840x2160_50fps_420_8bit_YUV_RAW,43,172,32,5,HORZ_B,1473,1
FlowerPan_3840x2160_50fps_420_8bit_YUV_RAW,43,172,32,6,VERT_A,2039,1
FlowerPan_3840x2160_50fps_420_8bit_YUV_RAW,43,172,32,7,VERT_B,2019,1
FlowerPan_3840x2160_50fps_420_8bit_YUV_RAW,43,172,32,8,HORZ_4,707,1
FlowerPan_3840x2160_50fps_420_8bit_YUV_RAW,43,172,32,9,VERT_4,3583,1
FlowerPan_3840x2160_50fps_420_8bit_YUV_RAW,43,172,64,0,NONE,350,1
FlowerPan_3840x2160_50fps_420_8bit_YUV_RAW,43,172,64,1,HORZ,22,1
FlowerPan_3840x2160_50fps_420_8bit_YUV_RAW,43,172,64,2,VERT,48,1
FlowerPan_3840x2160_50fps_420_8bit_YUV_RAW,43,172,64,3,SPLIT,9548,1
FlowerPan_3840x2160_50fps_420_8bit_YUV_RAW,43,172,64,4,HORZ_A,11,1
FlowerPan_3840x2160_50fps_420_8bit_YUV_RAW,43,172,64,5,HORZ_B,37,1
FlowerPan_3840x2160_50fps_420_8bit_YUV_RAW,43,172,64,6,VERT_A,27,1
FlowerPan_3840x2160_50fps_420_8bit_YUV_RAW,43,172,64,7,VERT_B,50,1
FlowerPan_3840x2160_50fps_420_8bit_YUV_RAW,43,172,64,8,HORZ_4,7,1
FlowerPan_3840x2160_50fps_420_8bit_YUV_RAW,43,172,64,9,VERT_4,44,1
FlowerPan_3840x2160_50fps_420_8bit_YUV_RAW,55,220,8,0,NONE,175224,0
FlowerPan_3840x2160_50fps_420_8bit_YUV_RAW,55,220,16,0,NONE,118261,1
FlowerPan_3840x2160_50fps_420_8bit_YUV_RAW,55,220,16,1,HORZ,2555,1
FlowerPan_3840x2160_50fps_420_8bit_YUV_RAW,55,220,16,2,VERT,4850,1
FlowerPan_3840x2160_50fps_420_8bit_YUV_RAW,55,220,16,3,SPLIT,13,1
FlowerPan_3840x2160_50fps_420_8bit_YUV_RAW,55,220,16,4,HORZ_A,178,1
FlowerPan_3840x2160_50fps_420_8bit_YUV_RAW,55,220,16,5,HORZ_B,81,1
FlowerPan_3840x2160_50fps_420_8bit_YUV_RAW,55,220,16,6,VERT_A,232,1
FlowerPan_3840x2160_50fps_420_8bit_YUV_RAW,55,220,16,7,VERT_B,60,1
FlowerPan_3840x2160_50fps_420_8bit_YUV_RAW,55,220,32,0,NONE,14121,1
FlowerPan_3840x2160_50fps_420_8bit_YUV_RAW,55,220,32,1,HORZ,5561,1
FlowerPan_3840x2160_50fps_420_8bit_YUV_RAW,55,220,32,2,VERT,7106,1
FlowerPan_3840x2160_50fps_420_8bit_YUV_RAW,55,220,32,3,SPLIT,2891,1
FlowerPan_3840x2160_50fps_420_8bit_YUV_RAW,55,220,32,4,HORZ_A,1708,1
FlowerPan_3840x2160_50fps_420_8bit_YUV_RAW,55,220,32,5,HORZ_B,1118,1
FlowerPan_3840x2160_50fps_420_8bit_YUV_RAW,55,220,32,6,VERT_A,1639,1
FlowerPan_3840x2160_50fps_420_8bit_YUV_RAW,55,220,32,7,VERT_B,1422,1
FlowerPan_3840x2160_50fps_420_8bit_YUV_RAW,55,220,32,8,HORZ_4,732,1
FlowerPan_3840x2160_50fps_420_8bit_YUV_RAW,55,220,32,9,VERT_4,3365,1
FlowerPan_3840x2160_50fps_420_8bit_YUV_RAW,55,220,64,0,NONE,637,1
FlowerPan_3840x2160_50fps_420_8bit_YUV_RAW,55,220,64,1,HORZ,109,1
FlowerPan_3840x2160_50fps_420_8bit_YUV_RAW,55,220,64,2,VERT,157,1
FlowerPan_3840x2160_50fps_420_8bit_YUV_RAW,55,220,64,3,SPLIT,8733,1
FlowerPan_3840x2160_50fps_420_8bit_YUV_RAW,55,220,64,4,HORZ_A,59,1
FlowerPan_3840x2160_50fps_420_8bit_YUV_RAW,55,220,64,5,HORZ_B,105,1
FlowerPan_3840x2160_50fps_420_8bit_YUV_RAW,55,220,64,6,VERT_A,84,1
FlowerPan_3840x2160_50fps_420_8bit_YUV_RAW,55,220,64,7,VERT_B,140,1
FlowerPan_3840x2160_50fps_420_8bit_YUV_RAW,55,220,64,8,HORZ_4,20,1
FlowerPan_3840x2160_50fps_420_8bit_YUV_RAW,55,220,64,9,VERT_4,85,1
HoneyBee_3840x2160_120fps_420_8bit_YUV_RAW,20,80,8,0,NONE,480532,0
HoneyBee_3840x2160_120fps_420_8bit_YUV_RAW,20,80,16,0,NONE,104362,1
HoneyBee_3840x2160_120fps_420_8bit_YUV_RAW,20,80,16,1,HORZ,9544,1
HoneyBee_3840x2160_120fps_420_8bit_YUV_RAW,20,80,16,2,VERT,20407,1
HoneyBee_3840x2160_120fps_420_8bit_YUV_RAW,20,80,16,3,SPLIT,1758,1
HoneyBee_3840x2160_120fps_420_8bit_YUV_RAW,20,80,16,4,HORZ_A,3621,1
HoneyBee_3840x2160_120fps_420_8bit_YUV_RAW,20,80,16,5,HORZ_B,2650,1
HoneyBee_3840x2160_120fps_420_8bit_YUV_RAW,20,80,16,6,VERT_A,4506,1
HoneyBee_3840x2160_120fps_420_8bit_YUV_RAW,20,80,16,7,VERT_B,3197,1
HoneyBee_3840x2160_120fps_420_8bit_YUV_RAW,20,80,32,0,NONE,7762,1
HoneyBee_3840x2160_120fps_420_8bit_YUV_RAW,20,80,32,1,HORZ,783,1
HoneyBee_3840x2160_120fps_420_8bit_YUV_RAW,20,80,32,2,VERT,1320,1
HoneyBee_3840x2160_120fps_420_8bit_YUV_RAW,20,80,32,3,SPLIT,20818,1
HoneyBee_3840x2160_120fps_420_8bit_YUV_RAW,20,80,32,4,HORZ_A,1083,1
HoneyBee_3840x2160_120fps_420_8bit_YUV_RAW,20,80,32,5,HORZ_B,2484,1
HoneyBee_3840x2160_120fps_420_8bit_YUV_RAW,20,80,32,6,VERT_A,1765,1
HoneyBee_3840x2160_120fps_420_8bit_YUV_RAW,20,80,32,7,VERT_B,2904,1
HoneyBee_3840x2160_120fps_420_8bit_YUV_RAW,20,80,32,8,HORZ_4,91,1
HoneyBee_3840x2160_120fps_420_8bit_YUV_RAW,20,80,32,9,VERT_4,1039,1
HoneyBee_3840x2160_120fps_420_8bit_YUV_RAW,20,80,64,0,NONE,631,1
HoneyBee_3840x2160_120fps_420_8bit_YUV_RAW,20,80,64,1,HORZ,3,1
HoneyBee_3840x2160_120fps_420_8bit_YUV_RAW,20,80,64,2,VERT,71,1
HoneyBee_3840x2160_120fps_420_8bit_YUV_RAW,20,80,64,3,SPLIT,9294,1
HoneyBee_3840x2160_120fps_420_8bit_YUV_RAW,20,80,64,4,HORZ_A,4,1
HoneyBee_3840x2160_120fps_420_8bit_YUV_RAW,20,80,64,5,HORZ_B,17,1
HoneyBee_3840x2160_120fps_420_8bit_YUV_RAW,20,80,64,6,VERT_A,21,1
HoneyBee_3840x2160_120fps_420_8bit_YUV_RAW,20,80,64,7,VERT_B,54,1
HoneyBee_3840x2160_120fps_420_8bit_YUV_RAW,20,80,64,9,VERT_4,33,1
HoneyBee_3840x2160_120fps_420_8bit_YUV_RAW,32,128,8,0,NONE,356898,0
HoneyBee_3840x2160_120fps_420_8bit_YUV_RAW,32,128,16,0,NONE,108690,1
HoneyBee_3840x2160_120fps_420_8bit_YUV_RAW,32,128,16,1,HORZ,5002,1
HoneyBee_3840x2160_120fps_420_8bit_YUV_RAW,32,128,16,2,VERT,5848,1
HoneyBee_3840x2160_120fps_420_8bit_YUV_RAW,32,128,16,3,SPLIT,5648,1
HoneyBee_3840x2160_120fps_420_8bit_YUV_RAW,32,128,16,4,HORZ_A,812,1
HoneyBee_3840x2160_120fps_420_8bit_YUV_RAW,32,128,16,5,HORZ_B,848,1
HoneyBee_3840x2160_120fps_420_8bit_YUV_RAW,32,128,16,6,VERT_A,601,1
HoneyBee_3840x2160_120fps_420_8bit_YUV_RAW,32,128,16,7,VERT_B,823,1
HoneyBee_3840x2160_120fps_420_8bit_YUV_RAW,32,128,32,0,NONE,20843,1
HoneyBee_3840x2160_120fps_420_8bit_YUV_RAW,32,128,32,1,HORZ,1583,1
HoneyBee_3840x2160_120fps_420_8bit_YUV_RAW,32,128,32,2,VERT,1865,1
HoneyBee_3840x2160_120fps_420_8bit_YUV_RAW,32,128,32,3,SPLIT,6837,1
HoneyBee_3840x2160_120fps_420_8bit_YUV_RAW,32,128,32,4,HORZ_A,976,1
HoneyBee_3840x2160_120fps_420_8bit_YUV_RAW,32,128,32,5,HORZ_B,1175,1
HoneyBee_3840x2160_120fps_420_8bit_YUV_RAW,32,128,32,6,VERT_A,996,1
HoneyBee_3840x2160_120fps_420_8bit_YUV_RAW,32,128,32,7,VERT_B,1223,1
HoneyBee_3840x2160_120fps_420_8bit_YUV_RAW,32,128,32,8,HORZ_4,278,1
HoneyBee_3840x2160_120fps_420_8bit_YUV_RAW,32,128,32,9,VERT_4,552,1
HoneyBee_3840x2160_120fps_420_8bit_YUV_RAW,32,128,64,0,NONE,3767,1
HoneyBee_3840x2160_120fps_420_8bit_YUV_RAW,32,128,64,1,HORZ,60,1
HoneyBee_3840x2160_120fps_420_8bit_YUV_RAW,32,128,64,2,VERT,89,1
HoneyBee_3840x2160_120fps_420_8bit_YUV_RAW,32,128,64,3,SPLIT,5425,1
HoneyBee_3840x2160_120fps_420_8bit_YUV_RAW,32,128,64,4,HORZ_A,33,1
HoneyBee_3840x2160_120fps_420_8bit_YUV_RAW,32,128,64,5,HORZ_B,67,1
HoneyBee_3840x2160_120fps_420_8bit_YUV_RAW,32,128,64,6,VERT_A,84,1
HoneyBee_3840x2160_120fps_420_8bit_YUV_RAW,32,128,64,7,VERT_B,130,1
HoneyBee_3840x2160_120fps_420_8bit_YUV_RAW,32,128,64,8,HORZ_4,5,1
HoneyBee_3840x2160_120fps_420_8bit_YUV_RAW,32,128,64,9,VERT_4,22,1
HoneyBee_3840x2160_120fps_420_8bit_YUV_RAW,43,172,8,0,NONE,161570,0
HoneyBee_3840x2160_120fps_420_8bit_YUV_RAW,43,172,16,0,NONE,103395,1
HoneyBee_3840x2160_120fps_420_8bit_YUV_RAW,43,172,16,1,HORZ,3504,1
HoneyBee_3840x2160_120fps_420_8bit_YUV_RAW,43,172,16,2,VERT,2582,1
HoneyBee_3840x2160_120fps_420_8bit_YUV_RAW,43,172,16,3,SPLIT,89,1
HoneyBee_3840x2160_120fps_420_8bit_YUV_RAW,43,172,16,4,HORZ_A,133,1
HoneyBee_3840x2160_120fps_420_8bit_YUV_RAW,43,172,16,5,HORZ_B,80,1
HoneyBee_3840x2160_120fps_420_8bit_YUV_RAW,43,172,16,6,VERT_A,96,1
HoneyBee_3840x2160_120fps_420_8bit_YUV_RAW,43,172,16,7,VERT_B,63,1
HoneyBee_3840x2160_120fps_420_8bit_YUV_RAW,43,172,32,0,NONE,22414,1
HoneyBee_3840x2160_120fps_420_8bit_YUV_RAW,43,172,32,1,HORZ,2876,1
HoneyBee_3840x2160_120fps_420_8bit_YUV_RAW,43,172,32,2,VERT,3085,1
HoneyBee_3840x2160_120fps_420_8bit_YUV_RAW,43,172,32,3,SPLIT,3582,1
HoneyBee_3840x2160_120fps_420_8bit_YUV_RAW,43,172,32,4,HORZ_A,860,1
HoneyBee_3840x2160_120fps_420_8bit_YUV_RAW,43,172,32,5,HORZ_B,626,1
HoneyBee_3840x2160_120fps_420_8bit_YUV_RAW,43,172,32,6,VERT_A,691,1
HoneyBee_3840x2160_120fps_420_8bit_YUV_RAW,43,172,32,7,VERT_B,668,1
HoneyBee_3840x2160_120fps_420_8bit_YUV_RAW,43,172,32,8,HORZ_4,272,1
HoneyBee_3840x2160_120fps_420_8bit_YUV_RAW,43,172,32,9,VERT_4,445,1
HoneyBee_3840x2160_120fps_420_8bit_YUV_RAW,43,172,64,0,NONE,4020,1
HoneyBee_3840x2160_120fps_420_8bit_YUV_RAW,43,172,64,1,HORZ,135,1
HoneyBee_3840x2160_120fps_420_8bit_YUV_RAW,43,172,64,2,VERT,233,1
HoneyBee_3840x2160_120fps_420_8bit_YUV_RAW,43,172,64,3,SPLIT,4565,1
HoneyBee_3840x2160_120fps_420_8bit_YUV_RAW,43,172,64,4,HORZ_A,91,1
HoneyBee_3840x2160_120fps_420_8bit_YUV_RAW,43,172,64,5,HORZ_B,141,1
HoneyBee_3840x2160_120fps_420_8bit_YUV_RAW,43,172,64,6,VERT_A,111,1
HoneyBee_3840x2160_120fps_420_8bit_YUV_RAW,43,172,64,7,VERT_B,253,1
HoneyBee_3840x2160_120fps_420_8bit_YUV_RAW,43,172,64,8,HORZ_4,8,1
HoneyBee_3840x2160_120fps_420_8bit_YUV_RAW,43,172,64,9,VERT_4,36,1
HoneyBee_3840x2160_120fps_420_8bit_YUV_RAW,55,220,8,0,NONE,73357,0
HoneyBee_3840x2160_120fps_420_8bit_YUV_RAW,55,220,16,0,NONE,77704,1
HoneyBee_3840x2160_120fps_420_8bit_YUV_RAW,55,220,16,1,HORZ,695,1
HoneyBee_3840x2160_120fps_420_8bit_YUV_RAW,55,220,16,2,VERT,703,1
HoneyBee_3840x2160_120fps_420_8bit_YUV_RAW,55,220,16,4,HORZ_A,28,1
HoneyBee_3840x2160_120fps_420_8bit_YUV_RAW,55,220,16,5,HORZ_B,14,1
HoneyBee_3840x2160_120fps_420_8bit_YUV_RAW,55,220,16,6,VERT_A,16,1
HoneyBee_3840x2160_120fps_420_8bit_YUV_RAW,55,220,16,7,VERT_B,9,1
HoneyBee_3840x2160_120fps_420_8bit_YUV_RAW,55,220,32,0,NONE,25615,1
HoneyBee_3840x2160_120fps_420_8bit_YUV_RAW,55,220,32,1,HORZ,2660,1
HoneyBee_3840x2160_120fps_420_8bit_YUV_RAW,55,220,32,2,VERT,2503,1
HoneyBee_3840x2160_120fps_420_8bit_YUV_RAW,55,220,32,3,SPLIT,742,1
HoneyBee_3840x2160_120fps_420_8bit_YUV_RAW,55,220,32,4,HORZ_A,403,1
HoneyBee_3840x2160_120fps_420_8bit_YUV_RAW,55,220,32,5,HORZ_B,222,1
HoneyBee_3840x2160_120fps_420_8bit_YUV_RAW,55,220,32,6,VERT_A,265,1
HoneyBee_3840x2160_120fps_420_8bit_YUV_RAW,55,220,32,7,VERT_B,275,1
HoneyBee_3840x2160_120fps_420_8bit_YUV_RAW,55,220,32,8,HORZ_4,112,1
HoneyBee_3840x2160_120fps_420_8bit_YUV_RAW,55,220,32,9,VERT_4,197,1
HoneyBee_3840x2160_120fps_420_8bit_YUV_RAW,55,220,64,0,NONE,4297,1
HoneyBee_3840x2160_120fps_420_8bit_YUV_RAW,55,220,64,1,HORZ,259,1
HoneyBee_3840x2160_120fps_420_8bit_YUV_RAW,55,220,64,2,VERT,407,1
HoneyBee_3840x2160_120fps_420_8bit_YUV_RAW,55,220,64,3,SPLIT,3570,1
HoneyBee_3840x2160_120fps_420_8bit_YUV_RAW,55,220,64,4,HORZ_A,141,1
HoneyBee_3840x2160_120fps_420_8bit_YUV_RAW,55,220,64,5,HORZ_B,249,1
HoneyBee_3840x2160_120fps_420_8bit_YUV_RAW,55,220,64,6,VERT_A,181,1
HoneyBee_3840x2160_120fps_420_8bit_YUV_RAW,55,220,64,7,VERT_B,305,1
HoneyBee_3840x2160_120fps_420_8bit_YUV_RAW,55,220,64,8,HORZ_4,25,1
HoneyBee_3840x2160_120fps_420_8bit_YUV_RAW,55,220,64,9,VERT_4,78,1
Jockey_3840x2160_120fps_420_8bit_YUV_RAW,20,80,8,0,NONE,436750,0
Jockey_3840x2160_120fps_420_8bit_YUV_RAW,20,80,16,0,NONE,116776,1
Jockey_3840x2160_120fps_420_8bit_YUV_RAW,20,80,16,1,HORZ,8612,1
Jockey_3840x2160_120fps_420_8bit_YUV_RAW,20,80,16,2,VERT,10032,1
Jockey_3840x2160_120fps_420_8bit_YUV_RAW,20,80,16,3,SPLIT,2099,1
Jockey_3840x2160_120fps_420_8bit_YUV_RAW,20,80,16,4,HORZ_A,1885,1
Jockey_3840x2160_120fps_420_8bit_YUV_RAW,20,80,16,5,HORZ_B,1488,1
Jockey_3840x2160_120fps_420_8bit_YUV_RAW,20,80,16,6,VERT_A,1971,1
Jockey_3840x2160_120fps_420_8bit_YUV_RAW,20,80,16,7,VERT_B,1257,1
Jockey_3840x2160_120fps_420_8bit_YUV_RAW,20,80,32,0,NONE,11982,1
Jockey_3840x2160_120fps_420_8bit_YUV_RAW,20,80,32,1,HORZ,1409,1
Jockey_3840x2160_120fps_420_8bit_YUV_RAW,20,80,32,2,VERT,839,1
Jockey_3840x2160_120fps_420_8bit_YUV_RAW,20,80,32,3,SPLIT,17088,1
Jockey_3840x2160_120fps_420_8bit_YUV_RAW,20,80,32,4,HORZ_A,1017,1
Jockey_3840x2160_120fps_420_8bit_YUV_RAW,20,80,32,5,HORZ_B,2474,1
Jockey_3840x2160_120fps_420_8bit_YUV_RAW,20,80,32,6,VERT_A,892,1
Jockey_3840x2160_120fps_420_8bit_YUV_RAW,20,80,32,7,VERT_B,1888,1
Jockey_3840x2160_120fps_420_8bit_YUV_RAW,20,80,32,8,HORZ_4,755,1
Jockey_3840x2160_120fps_420_8bit_YUV_RAW,20,80,32,9,VERT_4,517,1
Jockey_3840x2160_120fps_420_8bit_YUV_RAW,20,80,64,0,NONE,1689,1
Jockey_3840x2160_120fps_420_8bit_YUV_RAW,20,80,64,1,HORZ,129,1
Jockey_3840x2160_120fps_420_8bit_YUV_RAW,20,80,64,2,VERT,65,1
Jockey_3840x2160_120fps_420_8bit_YUV_RAW,20,80,64,3,SPLIT,7920,1
Jockey_3840x2160_120fps_420_8bit_YUV_RAW,20,80,64,4,HORZ_A,41,1
Jockey_3840x2160_120fps_420_8bit_YUV_RAW,20,80,64,5,HORZ_B,69,1
Jockey_3840x2160_120fps_420_8bit_YUV_RAW,20,80,64,6,VERT_A,18,1
Jockey_3840x2160_120fps_420_8bit_YUV_RAW,20,80,64,7,VERT_B,24,1
Jockey_3840x2160_120fps_420_8bit_YUV_RAW,20,80,64,8,HORZ_4,96,1
Jockey_3840x2160_120fps_420_8bit_YUV_RAW,20,80,64,9,VERT_4,20,1
Jockey_3840x2160_120fps_420_8bit_YUV_RAW,32,128,8,0,NONE,304197,0
Jockey_3840x2160_120fps_420_8bit_YUV_RAW,32,128,16,0,NONE,104312,1
Jockey_3840x2160_120fps_420_8bit_YUV_RAW,32,128,16,1,HORZ,3733,1
Jockey_3840x2160_120fps_420_8bit_YUV_RAW,32,128,16,2,VERT,2122,1
Jockey_3840x2160_120fps_420_8bit_YUV_RAW,32,128,16,3,SPLIT,10741,1
Jockey_3840x2160_120fps_420_8bit_YUV_RAW,32,128,16,4,HORZ_A,410,1
Jockey_3840x2160_120fps_420_8bit_YUV_RAW,32,128,16,5,HORZ_B,507,1
Jockey_3840x2160_120fps_420_8bit_YUV_RAW,32,128,16,6,VERT_A,244,1
Jockey_3840x2160_120fps_420_8bit_YUV_RAW,32,128,16,7,VERT_B,350,1
Jockey_3840x2160_120fps_420_8bit_YUV_RAW,32,128,32,0,NONE,23403,1
Jockey_3840x2160_120fps_420_8bit_YUV_RAW,32,128,32,1,HORZ,1927,1
Jockey_3840x2160_120fps_420_8bit_YUV_RAW,32,128,32,2,VERT,851,1
Jockey_3840x2160_120fps_420_8bit_YUV_RAW,32,128,32,3,SPLIT,6042,1
Jockey_3840x2160_120fps_420_8bit_YUV_RAW,32,128,32,4,HORZ_A,616,1
Jockey_3840x2160_120fps_420_8bit_YUV_RAW,32,128,32,5,HORZ_B,600,1
Jockey_3840x2160_120fps_420_8bit_YUV_RAW,32,128,32,6,VERT_A,338,1
Jockey_3840x2160_120fps_420_8bit_YUV_RAW,32,128,32,7,VERT_B,325,1
Jockey_3840x2160_120fps_420_8bit_YUV_RAW,32,128,32,8,HORZ_4,582,1
Jockey_3840x2160_120fps_420_8bit_YUV_RAW,32,128,32,9,VERT_4,162,1
Jockey_3840x2160_120fps_420_8bit_YUV_RAW,32,128,64,0,NONE,4539,1
Jockey_3840x2160_120fps_420_8bit_YUV_RAW,32,128,64,1,HORZ,298,1
Jockey_3840x2160_120fps_420_8bit_YUV_RAW,32,128,64,2,VERT,115,1
Jockey_3840x2160_120fps_420_8bit_YUV_RAW,32,128,64,3,SPLIT,3792,1
Jockey_3840x2160_120fps_420_8bit_YUV_RAW,32,128,64,4,HORZ_A,109,1
Jockey_3840x2160_120fps_420_8bit_YUV_RAW,32,128,64,5,HORZ_B,128,1
Jockey_3840x2160_120fps_420_8bit_YUV_RAW,32,128,64,6,VERT_A,31,1
Jockey_3840x2160_120fps_420_8bit_YUV_RAW,32,128,64,7,VERT_B,55,1
Jockey_3840x2160_120fps_420_8bit_YUV_RAW,32,128,64,8,HORZ_4,134,1
Jockey_3840x2160_120fps_420_8bit_YUV_RAW,32,128,64,9,VERT_4,15,1
Jockey_3840x2160_120fps_420_8bit_YUV_RAW,43,172,8,0,NONE,116303,0
Jockey_3840x2160_120fps_420_8bit_YUV_RAW,43,172,16,0,NONE,90817,1
Jockey_3840x2160_120fps_420_8bit_YUV_RAW,43,172,16,1,HORZ,4976,1
Jockey_3840x2160_120fps_420_8bit_YUV_RAW,43,172,16,2,VERT,1785,1
Jockey_3840x2160_120fps_420_8bit_YUV_RAW,43,172,16,3,SPLIT,374,1
Jockey_3840x2160_120fps_420_8bit_YUV_RAW,43,172,16,4,HORZ_A,90,1
Jockey_3840x2160_120fps_420_8bit_YUV_RAW,43,172,16,5,HORZ_B,83,1
Jockey_3840x2160_120fps_420_8bit_YUV_RAW,43,172,16,6,VERT_A,69,1
Jockey_3840x2160_120fps_420_8bit_YUV_RAW,43,172,16,7,VERT_B,46,1
Jockey_3840x2160_120fps_420_8bit_YUV_RAW,43,172,32,0,NONE,23923,1
Jockey_3840x2160_120fps_420_8bit_YUV_RAW,43,172,32,1,HORZ,2221,1
Jockey_3840x2160_120fps_420_8bit_YUV_RAW,43,172,32,2,VERT,1171,1
Jockey_3840x2160_120fps_420_8bit_YUV_RAW,43,172,32,3,SPLIT,4596,1
Jockey_3840x2160_120fps_420_8bit_YUV_RAW,43,172,32,4,HORZ_A,332,1
Jockey_3840x2160_120fps_420_8bit_YUV_RAW,43,172,32,5,HORZ_B,242,1
Jockey_3840x2160_120fps_420_8bit_YUV_RAW,43,172,32,6,VERT_A,189,1
Jockey_3840x2160_120fps_420_8bit_YUV_RAW,43,172,32,7,VERT_B,174,1
Jockey_3840x2160_120fps_420_8bit_YUV_RAW,43,172,32,8,HORZ_4,392,1
Jockey_3840x2160_120fps_420_8bit_YUV_RAW,43,172,32,9,VERT_4,133,1
Jockey_3840x2160_120fps_420_8bit_YUV_RAW,43,172,64,0,NONE,4866,1
Jockey_3840x2160_120fps_420_8bit_YUV_RAW,43,172,64,1,HORZ,460,1
Jockey_3840x2160_120fps_420_8bit_YUV_RAW,43,172,64,2,VERT,200,1
Jockey_3840x2160_120fps_420_8bit_YUV_RAW,43,172,64,3,SPLIT,2824,1
Jockey_3840x2160_120fps_420_8bit_YUV_RAW,43,172,64,4,HORZ_A,124,1
Jockey_3840x2160_120fps_420_8bit_YUV_RAW,43,172,64,5,HORZ_B,132,1
Jockey_3840x2160_120fps_420_8bit_YUV_RAW,43,172,64,6,VERT_A,53,1
Jockey_3840x2160_120fps_420_8bit_YUV_RAW,43,172,64,7,VERT_B,71,1
Jockey_3840x2160_120fps_420_8bit_YUV_RAW,43,172,64,8,HORZ_4,183,1
Jockey_3840x2160_120fps_420_8bit_YUV_RAW,43,172,64,9,VERT_4,27,1
Jockey_3840x2160_120fps_420_8bit_YUV_RAW,55,220,8,0,NONE,36045,0
Jockey_3840x2160_120fps_420_8bit_YUV_RAW,55,220,16,0,NONE,53769,1
Jockey_3840x2160_120fps_420_8bit_YUV_RAW,55,220,16,1,HORZ,1541,1
Jockey_3840x2160_120fps_420_8bit_YUV_RAW,55,220,16,2,VERT,649,1
Jockey_3840x2160_120fps_420_8bit_YUV_RAW,55,220,16,3,SPLIT,11,1
Jockey_3840x2160_120fps_420_8bit_YUV_RAW,55,220,16,4,HORZ_A,23,1
Jockey_3840x2160_120fps_420_8bit_YUV_RAW,55,220,16,5,HORZ_B,14,1
Jockey_3840x2160_120fps_420_8bit_YUV_RAW,55,220,16,6,VERT_A,9,1
Jockey_3840x2160_120fps_420_8bit_YUV_RAW,55,220,16,7,VERT_B,6,1
Jockey_3840x2160_120fps_420_8bit_YUV_RAW,55,220,32,0,NONE,23200,1
Jockey_3840x2160_120fps_420_8bit_YUV_RAW,55,220,32,1,HORZ,1912,1
Jockey_3840x2160_120fps_420_8bit_YUV_RAW,55,220,32,2,VERT,929,1
Jockey_3840x2160_120fps_420_8bit_YUV_RAW,55,220,32,3,SPLIT,1648,1
Jockey_3840x2160_120fps_420_8bit_YUV_RAW,55,220,32,4,HORZ_A,115,1
Jockey_3840x2160_120fps_420_8bit_YUV_RAW,55,220,32,5,HORZ_B,163,1
Jockey_3840x2160_120fps_420_8bit_YUV_RAW,55,220,32,6,VERT_A,114,1
Jockey_3840x2160_120fps_420_8bit_YUV_RAW,55,220,32,7,VERT_B,95,1
Jockey_3840x2160_120fps_420_8bit_YUV_RAW,55,220,32,8,HORZ_4,230,1
Jockey_3840x2160_120fps_420_8bit_YUV_RAW,55,220,32,9,VERT_4,116,1
Jockey_3840x2160_120fps_420_8bit_YUV_RAW,55,220,64,0,NONE,4824,1
Jockey_3840x2160_120fps_420_8bit_YUV_RAW,55,220,64,1,HORZ,501,1
Jockey_3840x2160_120fps_420_8bit_YUV_RAW,55,220,64,2,VERT,265,1
Jockey_3840x2160_120fps_420_8bit_YUV_RAW,55,220,64,3,SPLIT,2594,1
Jockey_3840x2160_120fps_420_8bit_YUV_RAW,55,220,64,4,HORZ_A,62,1
Jockey_3840x2160_120fps_420_8bit_YUV_RAW,55,220,64,5,HORZ_B,110,1
Jockey_3840x2160_120fps_420_8bit_YUV_RAW,55,220,64,6,VERT_A,42,1
Jockey_3840x2160_120fps_420_8bit_YUV_RAW,55,220,64,7,VERT_B,83,1
Jockey_3840x2160_120fps_420_8bit_YUV_RAW,55,220,64,8,HORZ_4,161,1
Jockey_3840x2160_120fps_420_8bit_YUV_RAW,55,220,64,9,VERT_4,56,1
Lips_3840x2160_120fps_420_8bit_YUV_RAW,20,80,8,0,NONE,576046,0
Lips_3840x2160_120fps_420_8bit_YUV_RAW,20,80,16,0,NONE,31919,1
Lips_3840x2160_120fps_420_8bit_YUV_RAW,20,80,16,1,HORZ,11678,1
Lips_3840x2160_120fps_420_8bit_YUV_RAW,20,80,16,2,VERT,16151,1
Lips_3840x2160_120fps_420_8bit_YUV_RAW,20,80,16,3,SPLIT,26879,1
Lips_3840x2160_120fps_420_8bit_YUV_RAW,20,80,16,4,HORZ_A,16995,1
Lips_3840x2160_120fps_420_8bit_YUV_RAW,20,80,16,5,HORZ_B,19168,1
Lips_3840x2160_120fps_420_8bit_YUV_RAW,20,80,16,6,VERT_A,18345,1
Lips_3840x2160_120fps_420_8bit_YUV_RAW,20,80,16,7,VERT_B,20039,1
Lips_3840x2160_120fps_420_8bit_YUV_RAW,20,80,32,0,NONE,709,1
Lips_3840x2160_120fps_420_8bit_YUV_RAW,20,80,32,1,HORZ,22,1
Lips_3840x2160_120fps_420_8bit_YUV_RAW,20,80,32,2,VERT,44,1
Lips_3840x2160_120fps_420_8bit_YUV_RAW,20,80,32,3,SPLIT,39240,1
Lips_3840x2160_120fps_420_8bit_YUV_RAW,20,80,32,4,HORZ_A,67,1
Lips_3840x2160_120fps_420_8bit_YUV_RAW,20,80,32,5,HORZ_B,92,1
Lips_3840x2160_120fps_420_8bit_YUV_RAW,20,80,32,6,VERT_A,189,1
Lips_3840x2160_120fps_420_8bit_YUV_RAW,20,80,32,7,VERT_B,293,1
Lips_3840x2160_120fps_420_8bit_YUV_RAW,20,80,32,8,HORZ_4,18,1
Lips_3840x2160_120fps_420_8bit_YUV_RAW,20,80,32,9,VERT_4,124,1
Lips_3840x2160_120fps_420_8bit_YUV_RAW,20,80,64,0,NONE,2,1
Lips_3840x2160_120fps_420_8bit_YUV_RAW,20,80,64,3,SPLIT,10198,1
Lips_3840x2160_120fps_420_8bit_YUV_RAW,32,128,8,0,NONE,406339,0
Lips_3840x2160_120fps_420_8bit_YUV_RAW,32,128,16,0,NONE,115960,1
Lips_3840x2160_120fps_420_8bit_YUV_RAW,32,128,16,1,HORZ,2631,1
Lips_3840x2160_120fps_420_8bit_YUV_RAW,32,128,16,2,VERT,6885,1
Lips_3840x2160_120fps_420_8bit_YUV_RAW,32,128,16,3,SPLIT,5815,1
Lips_3840x2160_120fps_420_8bit_YUV_RAW,32,128,16,4,HORZ_A,399,1
Lips_3840x2160_120fps_420_8bit_YUV_RAW,32,128,16,5,HORZ_B,414,1
Lips_3840x2160_120fps_420_8bit_YUV_RAW,32,128,16,6,VERT_A,328,1
Lips_3840x2160_120fps_420_8bit_YUV_RAW,32,128,16,7,VERT_B,404,1
Lips_3840x2160_120fps_420_8bit_YUV_RAW,32,128,32,0,NONE,20544,1
Lips_3840x2160_120fps_420_8bit_YUV_RAW,32,128,32,1,HORZ,563,1
Lips_3840x2160_120fps_420_8bit_YUV_RAW,32,128,32,2,VERT,1101,1
Lips_3840x2160_120fps_420_8bit_YUV_RAW,32,128,32,3,SPLIT,8299,1
Lips_3840x2160_120fps_420_8bit_YUV_RAW,32,128,32,4,HORZ_A,743,1
Lips_3840x2160_120fps_420_8bit_YUV_RAW,32,128,32,5,HORZ_B,1240,1
Lips_3840x2160_120fps_420_8bit_YUV_RAW,32,128,32,6,VERT_A,1355,1
Lips_3840x2160_120fps_420_8bit_YUV_RAW,32,128,32,7,VERT_B,1534,1
Lips_3840x2160_120fps_420_8bit_YUV_RAW,32,128,32,8,HORZ_4,188,1
Lips_3840x2160_120fps_420_8bit_YUV_RAW,32,128,32,9,VERT_4,2241,1
Lips_3840x2160_120fps_420_8bit_YUV_RAW,32,128,64,0,NONE,2270,1
Lips_3840x2160_120fps_420_8bit_YUV_RAW,32,128,64,1,HORZ,20,1
Lips_3840x2160_120fps_420_8bit_YUV_RAW,32,128,64,2,VERT,107,1
Lips_3840x2160_120fps_420_8bit_YUV_RAW,32,128,64,3,SPLIT,6930,1
Lips_3840x2160_120fps_420_8bit_YUV_RAW,32,128,64,4,HORZ_A,18,1
Lips_3840x2160_120fps_420_8bit_YUV_RAW,32,128,64,5,HORZ_B,34,1
Lips_3840x2160_120fps_420_8bit_YUV_RAW,32,128,64,6,VERT_A,77,1
Lips_3840x2160_120fps_420_8bit_YUV_RAW,32,128,64,7,VERT_B,116,1
Lips_3840x2160_120fps_420_8bit_YUV_RAW,32,128,64,8,HORZ_4,1,1
Lips_3840x2160_120fps_420_8bit_YUV_RAW,32,128,64,9,VERT_4,17,1
Lips_3840x2160_120fps_420_8bit_YUV_RAW,43,172,8,0,NONE,196673,0
Lips_3840x2160_120fps_420_8bit_YUV_RAW,43,172,16,0,NONE,88147,1
Lips_3840x2160_120fps_420_8bit_YUV_RAW,43,172,16,1,HORZ,3145,1
Lips_3840x2160_120fps_420_8bit_YUV_RAW,43,172,16,2,VERT,1435,1
Lips_3840x2160_120fps_420_8bit_YUV_RAW,43,172,16,3,SPLIT,11320,1
Lips_3840x2160_120fps_420_8bit_YUV_RAW,43,172,16,4,HORZ_A,73,1
Lips_3840x2160_120fps_420_8bit_YUV_RAW,43,172,16,5,HORZ_B,180,1
Lips_3840x2160_120fps_420_8bit_YUV_RAW,43,172,16,6,VERT_A,54,1
Lips_3840x2160_120fps_420_8bit_YUV_RAW,43,172,16,7,VERT_B,156,1
Lips_3840x2160_120fps_420_8bit_YUV_RAW,43,172,32,0,NONE,24903,1
Lips_3840x2160_120fps_420_8bit_YUV_RAW,43,172,32,1,HORZ,223,1
Lips_3840x2160_120fps_420_8bit_YUV_RAW,43,172,32,2,VERT,168,1
Lips_3840x2160_120fps_420_8bit_YUV_RAW,43,172,32,3,SPLIT,7726,1
Lips_3840x2160_120fps_420_8bit_YUV_RAW,43,172,32,4,HORZ_A,66,1
Lips_3840x2160_120fps_420_8bit_YUV_RAW,43,172,32,5,HORZ_B,31,1
Lips_3840x2160_120fps_420_8bit_YUV_RAW,43,172,32,6,VERT_A,49,1
Lips_3840x2160_120fps_420_8bit_YUV_RAW,43,172,32,7,VERT_B,34,1
Lips_3840x2160_120fps_420_8bit_YUV_RAW,43,172,32,8,HORZ_4,33,1
Lips_3840x2160_120fps_420_8bit_YUV_RAW,43,172,32,9,VERT_4,55,1
Lips_3840x2160_120fps_420_8bit_YUV_RAW,43,172,64,0,NONE,5017,1
Lips_3840x2160_120fps_420_8bit_YUV_RAW,43,172,64,1,HORZ,21,1
Lips_3840x2160_120fps_420_8bit_YUV_RAW,43,172,64,2,VERT,16,1
Lips_3840x2160_120fps_420_8bit_YUV_RAW,43,172,64,3,SPLIT,2795,1
Lips_3840x2160_120fps_420_8bit_YUV_RAW,43,172,64,4,HORZ_A,8,1
Lips_3840x2160_120fps_420_8bit_YUV_RAW,43,172,64,5,HORZ_B,9,1
Lips_3840x2160_120fps_420_8bit_YUV_RAW,43,172,64,6,VERT_A,5,1
Lips_3840x2160_120fps_420_8bit_YUV_RAW,43,172,64,7,VERT_B,9,1
Lips_3840x2160_120fps_420_8bit_YUV_RAW,43,172,64,8,HORZ_4,2,1
Lips_3840x2160_120fps_420_8bit_YUV_RAW,43,172,64,9,VERT_4,3,1
Lips_3840x2160_120fps_420_8bit_YUV_RAW,55,220,8,0,NONE,37090,0
Lips_3840x2160_120fps_420_8bit_YUV_RAW,55,220,16,0,NONE,54603,1
Lips_3840x2160_120fps_420_8bit_YUV_RAW,55,220,16,1,HORZ,5284,1
Lips_3840x2160_120fps_420_8bit_YUV_RAW,55,220,16,2,VERT,2347,1
Lips_3840x2160_120fps_420_8bit_YUV_RAW,55,220,16,3,SPLIT,11,1
Lips_3840x2160_120fps_420_8bit_YUV_RAW,55,220,16,4,HORZ_A,4,1
Lips_3840x2160_120fps_420_8bit_YUV_RAW,55,220,16,5,HORZ_B,7,1
Lips_3840x2160_120fps_420_8bit_YUV_RAW,55,220,16,6,VERT_A,2,1
Lips_3840x2160_120fps_420_8bit_YUV_RAW,55,220,16,7,VERT_B,3,1
Lips_3840x2160_120fps_420_8bit_YUV_RAW,55,220,32,0,NONE,21678,1
Lips_3840x2160_120fps_420_8bit_YUV_RAW,55,220,32,1,HORZ,176,1
Lips_3840x2160_120fps_420_8bit_YUV_RAW,55,220,32,2,VERT,146,1
Lips_3840x2160_120fps_420_8bit_YUV_RAW,55,220,32,3,SPLIT,4849,1
Lips_3840x2160_120fps_420_8bit_YUV_RAW,55,220,32,4,HORZ_A,22,1
Lips_3840x2160_120fps_420_8bit_YUV_RAW,55,220,32,5,HORZ_B,58,1
Lips_3840x2160_120fps_420_8bit_YUV_RAW,55,220,32,6,VERT_A,18,1
Lips_3840x2160_120fps_420_8bit_YUV_RAW,55,220,32,7,VERT_B,29,1
Lips_3840x2160_120fps_420_8bit_YUV_RAW,55,220,32,8,HORZ_4,92,1
Lips_3840x2160_120fps_420_8bit_YUV_RAW,55,220,32,9,VERT_4,99,1
Lips_3840x2160_120fps_420_8bit_YUV_RAW,55,220,64,0,NONE,4995,1
Lips_3840x2160_120fps_420_8bit_YUV_RAW,55,220,64,1,HORZ,17,1
Lips_3840x2160_120fps_420_8bit_YUV_RAW,55,220,64,2,VERT,27,1
Lips_3840x2160_120fps_420_8bit_YUV_RAW,55,220,64,3,SPLIT,2683,1
Lips_3840x2160_120fps_420_8bit_YUV_RAW,55,220,64,4,HORZ_A,11,1
Lips_3840x2160_120fps_420_8bit_YUV_RAW,55,220,64,5,HORZ_B,17,1
Lips_3840x2160_120fps_420_8bit_YUV_RAW,55,220,64,6,VERT_A,8,1
Lips_3840x2160_120fps_420_8bit_YUV_RAW,55,220,64,7,VERT_B,13,1
Lips_3840x2160_120fps_420_8bit_YUV_RAW,55,220,64,8,HORZ_4,4,1
Lips_3840x2160_120fps_420_8bit_YUV_RAW,55,220,64,9,VERT_4,4,1
RaceNight_3840x2160_50fps_420_8bit_YUV_RAW,20,80,8,0,NONE,508111,0
RaceNight_3840x2160_50fps_420_8bit_YUV_RAW,20,80,16,0,NONE,84108,1
RaceNight_3840x2160_50fps_420_8bit_YUV_RAW,20,80,16,1,HORZ,22471,1
RaceNight_3840x2160_50fps_420_8bit_YUV_RAW,20,80,16,2,VERT,15833,1
RaceNight_3840x2160_50fps_420_8bit_YUV_RAW,20,80,16,3,SPLIT,9069,1
RaceNight_3840x2160_50fps_420_8bit_YUV_RAW,20,80,16,4,HORZ_A,7817,1
RaceNight_3840x2160_50fps_420_8bit_YUV_RAW,20,80,16,5,HORZ_B,7467,1
RaceNight_3840x2160_50fps_420_8bit_YUV_RAW,20,80,16,6,VERT_A,6600,1
RaceNight_3840x2160_50fps_420_8bit_YUV_RAW,20,80,16,7,VERT_B,6082,1
RaceNight_3840x2160_50fps_420_8bit_YUV_RAW,20,80,32,0,NONE,1465,1
RaceNight_3840x2160_50fps_420_8bit_YUV_RAW,20,80,32,1,HORZ,428,1
RaceNight_3840x2160_50fps_420_8bit_YUV_RAW,20,80,32,2,VERT,221,1
RaceNight_3840x2160_50fps_420_8bit_YUV_RAW,20,80,32,3,SPLIT,34950,1
RaceNight_3840x2160_50fps_420_8bit_YUV_RAW,20,80,32,4,HORZ_A,372,1
RaceNight_3840x2160_50fps_420_8bit_YUV_RAW,20,80,32,5,HORZ_B,639,1
RaceNight_3840x2160_50fps_420_8bit_YUV_RAW,20,80,32,6,VERT_A,330,1
RaceNight_3840x2160_50fps_420_8bit_YUV_RAW,20,80,32,7,VERT_B,553,1
RaceNight_3840x2160_50fps_420_8bit_YUV_RAW,20,80,32,8,HORZ_4,1094,1
RaceNight_3840x2160_50fps_420_8bit_YUV_RAW,20,80,32,9,VERT_4,381,1
RaceNight_3840x2160_50fps_420_8bit_YUV_RAW,20,80,64,0,NONE,315,1
RaceNight_3840x2160_50fps_420_8bit_YUV_RAW,20,80,64,1,HORZ,9,1
RaceNight_3840x2160_50fps_420_8bit_YUV_RAW,20,80,64,2,VERT,6,1
RaceNight_3840x2160_50fps_420_8bit_YUV_RAW,20,80,64,3,SPLIT,9826,1
RaceNight_3840x2160_50fps_420_8bit_YUV_RAW,20,80,64,6,VERT_A,3,1
RaceNight_3840x2160_50fps_420_8bit_YUV_RAW,20,80,64,8,HORZ_4,1,1
RaceNight_3840x2160_50fps_420_8bit_YUV_RAW,20,80,64,9,VERT_4,3,1
RaceNight_3840x2160_50fps_420_8bit_YUV_RAW,32,128,8,0,NONE,357288,0
RaceNight_3840x2160_50fps_420_8bit_YUV_RAW,32,128,16,0,NONE,94792,1
RaceNight_3840x2160_50fps_420_8bit_YUV_RAW,32,128,16,1,HORZ,7917,1
RaceNight_3840x2160_50fps_420_8bit_YUV_RAW,32,128,16,2,VERT,5033,1
RaceNight_3840x2160_50fps_420_8bit_YUV_RAW,32,128,16,3,SPLIT,17491,1
RaceNight_3840x2160_50fps_420_8bit_YUV_RAW,32,128,16,4,HORZ_A,1439,1
RaceNight_3840x2160_50fps_420_8bit_YUV_RAW,32,128,16,5,HORZ_B,1096,1
RaceNight_3840x2160_50fps_420_8bit_YUV_RAW,32,128,16,6,VERT_A,1291,1
RaceNight_3840x2160_50fps_420_8bit_YUV_RAW,32,128,16,7,VERT_B,842,1
RaceNight_3840x2160_50fps_420_8bit_YUV_RAW,32,128,32,0,NONE,19763,1
RaceNight_3840x2160_50fps_420_8bit_YUV_RAW,32,128,32,1,HORZ,1812,1
RaceNight_3840x2160_50fps_420_8bit_YUV_RAW,32,128,32,2,VERT,869,1
RaceNight_3840x2160_50fps_420_8bit_YUV_RAW,32,128,32,3,SPLIT,10061,1
RaceNight_3840x2160_50fps_420_8bit_YUV_RAW,32,128,32,4,HORZ_A,875,1
RaceNight_3840x2160_50fps_420_8bit_YUV_RAW,32,128,32,5,HORZ_B,633,1
RaceNight_3840x2160_50fps_420_8bit_YUV_RAW,32,128,32,6,VERT_A,626,1
RaceNight_3840x2160_50fps_420_8bit_YUV_RAW,32,128,32,7,VERT_B,485,1
RaceNight_3840x2160_50fps_420_8bit_YUV_RAW,32,128,32,8,HORZ_4,846,1
RaceNight_3840x2160_50fps_420_8bit_YUV_RAW,32,128,32,9,VERT_4,292,1
RaceNight_3840x2160_50fps_420_8bit_YUV_RAW,32,128,64,0,NONE,3219,1
RaceNight_3840x2160_50fps_420_8bit_YUV_RAW,32,128,64,1,HORZ,174,1
RaceNight_3840x2160_50fps_420_8bit_YUV_RAW,32,128,64,2,VERT,35,1
RaceNight_3840x2160_50fps_420_8bit_YUV_RAW,32,128,64,3,SPLIT,5364,1
RaceNight_3840x2160_50fps_420_8bit_YUV_RAW,32,128,64,4,HORZ_A,73,1
RaceNight_3840x2160_50fps_420_8bit_YUV_RAW,32,128,64,5,HORZ_B,76,1
RaceNight_3840x2160_50fps_420_8bit_YUV_RAW,32,128,64,6,VERT_A,22,1
RaceNight_3840x2160_50fps_420_8bit_YUV_RAW,32,128,64,7,VERT_B,33,1
RaceNight_3840x2160_50fps_420_8bit_YUV_RAW,32,128,64,8,HORZ_4,81,1
RaceNight_3840x2160_50fps_420_8bit_YUV_RAW,32,128,64,9,VERT_4,10,1
RaceNight_3840x2160_50fps_420_8bit_YUV_RAW,43,172,8,0,NONE,212280,0
RaceNight_3840x2160_50fps_420_8bit_YUV_RAW,43,172,16,0,NONE,88037,1
RaceNight_3840x2160_50fps_420_8bit_YUV_RAW,43,172,16,1,HORZ,8125,1
RaceNight_3840x2160_50fps_420_8bit_YUV_RAW,43,172,16,2,VERT,4643,1
RaceNight_3840x2160_50fps_420_8bit_YUV_RAW,43,172,16,3,SPLIT,7878,1
RaceNight_3840x2160_50fps_420_8bit_YUV_RAW,43,172,16,4,HORZ_A,544,1
RaceNight_3840x2160_50fps_420_8bit_YUV_RAW,43,172,16,5,HORZ_B,398,1
RaceNight_3840x2160_50fps_420_8bit_YUV_RAW,43,172,16,6,VERT_A,462,1
RaceNight_3840x2160_50fps_420_8bit_YUV_RAW,43,172,16,7,VERT_B,361,1
RaceNight_3840x2160_50fps_420_8bit_YUV_RAW,43,172,32,0,NONE,19953,1
RaceNight_3840x2160_50fps_420_8bit_YUV_RAW,43,172,32,1,HORZ,2428,1
RaceNight_3840x2160_50fps_420_8bit_YUV_RAW,43,172,32,2,VERT,1779,1
RaceNight_3840x2160_50fps_420_8bit_YUV_RAW,43,172,32,3,SPLIT,7756,1
RaceNight_3840x2160_50fps_420_8bit_YUV_RAW,43,172,32,4,HORZ_A,647,1
RaceNight_3840x2160_50fps_420_8bit_YUV_RAW,43,172,32,5,HORZ_B,444,1
RaceNight_3840x2160_50fps_420_8bit_YUV_RAW,43,172,32,6,VERT_A,498,1
RaceNight_3840x2160_50fps_420_8bit_YUV_RAW,43,172,32,7,VERT_B,376,1
RaceNight_3840x2160_50fps_420_8bit_YUV_RAW,43,172,32,8,HORZ_4,822,1
RaceNight_3840x2160_50fps_420_8bit_YUV_RAW,43,172,32,9,VERT_4,460,1
RaceNight_3840x2160_50fps_420_8bit_YUV_RAW,43,172,64,0,NONE,3525,1
RaceNight_3840x2160_50fps_420_8bit_YUV_RAW,43,172,64,1,HORZ,265,1
RaceNight_3840x2160_50fps_420_8bit_YUV_RAW,43,172,64,2,VERT,129,1
RaceNight_3840x2160_50fps_420_8bit_YUV_RAW,43,172,64,3,SPLIT,4648,1
RaceNight_3840x2160_50fps_420_8bit_YUV_RAW,43,172,64,4,HORZ_A,99,1
RaceNight_3840x2160_50fps_420_8bit_YUV_RAW,43,172,64,5,HORZ_B,70,1
RaceNight_3840x2160_50fps_420_8bit_YUV_RAW,43,172,64,6,VERT_A,29,1
RaceNight_3840x2160_50fps_420_8bit_YUV_RAW,43,172,64,7,VERT_B,56,1
RaceNight_3840x2160_50fps_420_8bit_YUV_RAW,43,172,64,8,HORZ_4,135,1
RaceNight_3840x2160_50fps_420_8bit_YUV_RAW,43,172,64,9,VERT_4,22,1
RaceNight_3840x2160_50fps_420_8bit_YUV_RAW,55,220,8,0,NONE,92364,0
RaceNight_3840x2160_50fps_420_8bit_YUV_RAW,55,220,16,0,NONE,68268,1
RaceNight_3840x2160_50fps_420_8bit_YUV_RAW,55,220,16,1,HORZ,5525,1
RaceNight_3840x2160_50fps_420_8bit_YUV_RAW,55,220,16,2,VERT,2821,1
RaceNight_3840x2160_50fps_420_8bit_YUV_RAW,55,220,16,3,SPLIT,103,1
RaceNight_3840x2160_50fps_420_8bit_YUV_RAW,55,220,16,4,HORZ_A,191,1
RaceNight_3840x2160_50fps_420_8bit_YUV_RAW,55,220,16,5,HORZ_B,126,1
RaceNight_3840x2160_50fps_420_8bit_YUV_RAW,55,220,16,6,VERT_A,187,1
RaceNight_3840x2160_50fps_420_8bit_YUV_RAW,55,220,16,7,VERT_B,107,1
RaceNight_3840x2160_50fps_420_8bit_YUV_RAW,55,220,32,0,NONE,18746,1
RaceNight_3840x2160_50fps_420_8bit_YUV_RAW,55,220,32,1,HORZ,2339,1
RaceNight_3840x2160_50fps_420_8bit_YUV_RAW,55,220,32,2,VERT,1907,1
RaceNight_3840x2160_50fps_420_8bit_YUV_RAW,55,220,32,3,SPLIT,4543,1
RaceNight_3840x2160_50fps_420_8bit_YUV_RAW,55,220,32,4,HORZ_A,385,1
RaceNight_3840x2160_50fps_420_8bit_YUV_RAW,55,220,32,5,HORZ_B,372,1
RaceNight_3840x2160_50fps_420_8bit_YUV_RAW,55,220,32,6,VERT_A,294,1
RaceNight_3840x2160_50fps_420_8bit_YUV_RAW,55,220,32,7,VERT_B,251,1
RaceNight_3840x2160_50fps_420_8bit_YUV_RAW,55,220,32,8,HORZ_4,847,1
RaceNight_3840x2160_50fps_420_8bit_YUV_RAW,55,220,32,9,VERT_4,517,1
RaceNight_3840x2160_50fps_420_8bit_YUV_RAW,55,220,64,0,NONE,3660,1
RaceNight_3840x2160_50fps_420_8bit_YUV_RAW,55,220,64,1,HORZ,317,1
RaceNight_3840x2160_50fps_420_8bit_YUV_RAW,55,220,64,2,VERT,209,1
RaceNight_3840x2160_50fps_420_8bit_YUV_RAW,55,220,64,3,SPLIT,4131,1
RaceNight_3840x2160_50fps_420_8bit_YUV_RAW,55,220,64,4,HORZ_A,51,1
RaceNight_3840x2160_50fps_420_8bit_YUV_RAW,55,220,64,5,HORZ_B,73,1
RaceNight_3840x2160_50fps_420_8bit_YUV_RAW,55,220,64,6,VERT_A,40,1
RaceNight_3840x2160_50fps_420_8bit_YUV_RAW,55,220,64,7,VERT_B,70,1
RaceNight_3840x2160_50fps_420_8bit_YUV_RAW,55,220,64,8,HORZ_4,160,1
RaceNight_3840x2160_50fps_420_8bit_YUV_RAW,55,220,64,9,VERT_4,55,1
ReadySetGo_3840x2160_120fps_420_8bit_YUV_RAW,20,80,8,0,NONE,434096,0
ReadySetGo_3840x2160_120fps_420_8bit_YUV_RAW,20,80,16,0,NONE,78768,1
ReadySetGo_3840x2160_120fps_420_8bit_YUV_RAW,20,80,16,1,HORZ,20375,1
ReadySetGo_3840x2160_120fps_420_8bit_YUV_RAW,20,80,16,2,VERT,18501,1
ReadySetGo_3840x2160_120fps_420_8bit_YUV_RAW,20,80,16,3,SPLIT,6033,1
ReadySetGo_3840x2160_120fps_420_8bit_YUV_RAW,20,80,16,4,HORZ_A,4901,1
ReadySetGo_3840x2160_120fps_420_8bit_YUV_RAW,20,80,16,5,HORZ_B,4245,1
ReadySetGo_3840x2160_120fps_420_8bit_YUV_RAW,20,80,16,6,VERT_A,5070,1
ReadySetGo_3840x2160_120fps_420_8bit_YUV_RAW,20,80,16,7,VERT_B,4124,1
ReadySetGo_3840x2160_120fps_420_8bit_YUV_RAW,20,80,32,0,NONE,10119,1
ReadySetGo_3840x2160_120fps_420_8bit_YUV_RAW,20,80,32,1,HORZ,1944,1
ReadySetGo_3840x2160_120fps_420_8bit_YUV_RAW,20,80,32,2,VERT,1393,1
ReadySetGo_3840x2160_120fps_420_8bit_YUV_RAW,20,80,32,3,SPLIT,18058,1
ReadySetGo_3840x2160_120fps_420_8bit_YUV_RAW,20,80,32,4,HORZ_A,978,1
ReadySetGo_3840x2160_120fps_420_8bit_YUV_RAW,20,80,32,5,HORZ_B,1266,1
ReadySetGo_3840x2160_120fps_420_8bit_YUV_RAW,20,80,32,6,VERT_A,799,1
ReadySetGo_3840x2160_120fps_420_8bit_YUV_RAW,20,80,32,7,VERT_B,1124,1
ReadySetGo_3840x2160_120fps_420_8bit_YUV_RAW,20,80,32,8,HORZ_4,1805,1
ReadySetGo_3840x2160_120fps_420_8bit_YUV_RAW,20,80,32,9,VERT_4,1758,1
ReadySetGo_3840x2160_120fps_420_8bit_YUV_RAW,20,80,64,0,NONE,1203,1
ReadySetGo_3840x2160_120fps_420_8bit_YUV_RAW,20,80,64,1,HORZ,38,1
ReadySetGo_3840x2160_120fps_420_8bit_YUV_RAW,20,80,64,2,VERT,18,1
ReadySetGo_3840x2160_120fps_420_8bit_YUV_RAW,20,80,64,3,SPLIT,8495,1
ReadySetGo_3840x2160_120fps_420_8bit_YUV_RAW,20,80,64,4,HORZ_A,17,1
ReadySetGo_3840x2160_120fps_420_8bit_YUV_RAW,20,80,64,5,HORZ_B,30,1
ReadySetGo_3840x2160_120fps_420_8bit_YUV_RAW,20,80,64,6,VERT_A,10,1
ReadySetGo_3840x2160_120fps_420_8bit_YUV_RAW,20,80,64,7,VERT_B,16,1
ReadySetGo_3840x2160_120fps_420_8bit_YUV_RAW,20,80,64,8,HORZ_4,34,1
ReadySetGo_3840x2160_120fps_420_8bit_YUV_RAW,20,80,64,9,VERT_4,35,1
ReadySetGo_3840x2160_120fps_420_8bit_YUV_RAW,32,128,8,0,NONE,338948,0
ReadySetGo_3840x2160_120fps_420_8bit_YUV_RAW,32,128,16,0,NONE,88720,1
ReadySetGo_3840x2160_120fps_420_8bit_YUV_RAW,32,128,16,1,HORZ,15831,1
ReadySetGo_3840x2160_120fps_420_8bit_YUV_RAW,32,128,16,2,VERT,14485,1
ReadySetGo_3840x2160_120fps_420_8bit_YUV_RAW,32,128,16,3,SPLIT,2065,1
ReadySetGo_3840x2160_120fps_420_8bit_YUV_RAW,32,128,16,4,HORZ_A,2195,1
ReadySetGo_3840x2160_120fps_420_8bit_YUV_RAW,32,128,16,5,HORZ_B,1616,1
ReadySetGo_3840x2160_120fps_420_8bit_YUV_RAW,32,128,16,6,VERT_A,2265,1
ReadySetGo_3840x2160_120fps_420_8bit_YUV_RAW,32,128,16,7,VERT_B,1744,1
ReadySetGo_3840x2160_120fps_420_8bit_YUV_RAW,32,128,32,0,NONE,12640,1
ReadySetGo_3840x2160_120fps_420_8bit_YUV_RAW,32,128,32,1,HORZ,2958,1
ReadySetGo_3840x2160_120fps_420_8bit_YUV_RAW,32,128,32,2,VERT,2121,1
ReadySetGo_3840x2160_120fps_420_8bit_YUV_RAW,32,128,32,3,SPLIT,11770,1
ReadySetGo_3840x2160_120fps_420_8bit_YUV_RAW,32,128,32,4,HORZ_A,1059,1
ReadySetGo_3840x2160_120fps_420_8bit_YUV_RAW,32,128,32,5,HORZ_B,1367,1
ReadySetGo_3840x2160_120fps_420_8bit_YUV_RAW,32,128,32,6,VERT_A,905,1
ReadySetGo_3840x2160_120fps_420_8bit_YUV_RAW,32,128,32,7,VERT_B,1214,1
ReadySetGo_3840x2160_120fps_420_8bit_YUV_RAW,32,128,32,8,HORZ_4,2011,1
ReadySetGo_3840x2160_120fps_420_8bit_YUV_RAW,32,128,32,9,VERT_4,1896,1
ReadySetGo_3840x2160_120fps_420_8bit_YUV_RAW,32,128,64,0,NONE,1419,1
ReadySetGo_3840x2160_120fps_420_8bit_YUV_RAW,32,128,64,1,HORZ,104,1
ReadySetGo_3840x2160_120fps_420_8bit_YUV_RAW,32,128,64,2,VERT,53,1
ReadySetGo_3840x2160_120fps_420_8bit_YUV_RAW,32,128,64,3,SPLIT,8019,1
ReadySetGo_3840x2160_120fps_420_8bit_YUV_RAW,32,128,64,4,HORZ_A,31,1
ReadySetGo_3840x2160_120fps_420_8bit_YUV_RAW,32,128,64,5,HORZ_B,65,1
ReadySetGo_3840x2160_120fps_420_8bit_YUV_RAW,32,128,64,6,VERT_A,26,1
ReadySetGo_3840x2160_120fps_420_8bit_YUV_RAW,32,128,64,7,VERT_B,39,1
ReadySetGo_3840x2160_120fps_420_8bit_YUV_RAW,32,128,64,8,HORZ_4,57,1
ReadySetGo_3840x2160_120fps_420_8bit_YUV_RAW,32,128,64,9,VERT_4,51,1
ReadySetGo_3840x2160_120fps_420_8bit_YUV_RAW,43,172,8,0,NONE,230659,0
ReadySetGo_3840x2160_120fps_420_8bit_YUV_RAW,43,172,16,0,NONE,92467,1
ReadySetGo_3840x2160_120fps_420_8bit_YUV_RAW,43,172,16,1,HORZ,9745,1
ReadySetGo_3840x2160_120fps_420_8bit_YUV_RAW,43,172,16,2,VERT,9311,1
ReadySetGo_3840x2160_120fps_420_8bit_YUV_RAW,43,172,16,3,SPLIT,184,1
ReadySetGo_3840x2160_120fps_420_8bit_YUV_RAW,43,172,16,4,HORZ_A,991,1
ReadySetGo_3840x2160_120fps_420_8bit_YUV_RAW,43,172,16,5,HORZ_B,532,1
ReadySetGo_3840x2160_120fps_420_8bit_YUV_RAW,43,172,16,6,VERT_A,907,1
ReadySetGo_3840x2160_120fps_420_8bit_YUV_RAW,43,172,16,7,VERT_B,548,1
ReadySetGo_3840x2160_120fps_420_8bit_YUV_RAW,43,172,32,0,NONE,12804,1
ReadySetGo_3840x2160_120fps_420_8bit_YUV_RAW,43,172,32,1,HORZ,4742,1
ReadySetGo_3840x2160_120fps_420_8bit_YUV_RAW,43,172,32,2,VERT,3719,1
ReadySetGo_3840x2160_120fps_420_8bit_YUV_RAW,43,172,32,3,SPLIT,6337,1
ReadySetGo_3840x2160_120fps_420_8bit_YUV_RAW,43,172,32,4,HORZ_A,1109,1
ReadySetGo_3840x2160_120fps_420_8bit_YUV_RAW,43,172,32,5,HORZ_B,1064,1
ReadySetGo_3840x2160_120fps_420_8bit_YUV_RAW,43,172,32,6,VERT_A,826,1
ReadySetGo_3840x2160_120fps_420_8bit_YUV_RAW,43,172,32,7,VERT_B,980,1
ReadySetGo_3840x2160_120fps_420_8bit_YUV_RAW,43,172,32,8,HORZ_4,2248,1
ReadySetGo_3840x2160_120fps_420_8bit_YUV_RAW,43,172,32,9,VERT_4,2275,1
ReadySetGo_3840x2160_120fps_420_8bit_YUV_RAW,43,172,64,0,NONE,1545,1
ReadySetGo_3840x2160_120fps_420_8bit_YUV_RAW,43,172,64,1,HORZ,201,1
ReadySetGo_3840x2160_120fps_420_8bit_YUV_RAW,43,172,64,2,VERT,176,1
ReadySetGo_3840x2160_120fps_420_8bit_YUV_RAW,43,172,64,3,SPLIT,7219,1
ReadySetGo_3840x2160_120fps_420_8bit_YUV_RAW,43,172,64,4,HORZ_A,59,1
ReadySetGo_3840x2160_120fps_420_8bit_YUV_RAW,43,172,64,5,HORZ_B,98,1
ReadySetGo_3840x2160_120fps_420_8bit_YUV_RAW,43,172,64,6,VERT_A,35,1
ReadySetGo_3840x2160_120fps_420_8bit_YUV_RAW,43,172,64,7,VERT_B,65,1
ReadySetGo_3840x2160_120fps_420_8bit_YUV_RAW,43,172,64,8,HORZ_4,119,1
ReadySetGo_3840x2160_120fps_420_8bit_YUV_RAW,43,172,64,9,VERT_4,131,1
ReadySetGo_3840x2160_120fps_420_8bit_YUV_RAW,55,220,8,0,NONE,141167,0
ReadySetGo_3840x2160_120fps_420_8bit_YUV_RAW,55,220,16,0,NONE,88371,1
ReadySetGo_3840x2160_120fps_420_8bit_YUV_RAW,55,220,16,1,HORZ,5000,1
ReadySetGo_3840x2160_120fps_420_8bit_YUV_RAW,55,220,16,2,VERT,4417,1
ReadySetGo_3840x2160_120fps_420_8bit_YUV_RAW,55,220,16,3,SPLIT,74,1
ReadySetGo_3840x2160_120fps_420_8bit_YUV_RAW,55,220,16,4,HORZ_A,347,1
ReadySetGo_3840x2160_120fps_420_8bit_YUV_RAW,55,220,16,5,HORZ_B,149,1
ReadySetGo_3840x2160_120fps_420_8bit_YUV_RAW,55,220,16,6,VERT_A,224,1
ReadySetGo_3840x2160_120fps_420_8bit_YUV_RAW,55,220,16,7,VERT_B,128,1
ReadySetGo_3840x2160_120fps_420_8bit_YUV_RAW,55,220,32,0,NONE,14455,1
ReadySetGo_3840x2160_120fps_420_8bit_YUV_RAW,55,220,32,1,HORZ,5588,1
ReadySetGo_3840x2160_120fps_420_8bit_YUV_RAW,55,220,32,2,VERT,4310,1
ReadySetGo_3840x2160_120fps_420_8bit_YUV_RAW,55,220,32,3,SPLIT,2768,1
ReadySetGo_3840x2160_120fps_420_8bit_YUV_RAW,55,220,32,4,HORZ_A,846,1
ReadySetGo_3840x2160_120fps_420_8bit_YUV_RAW,55,220,32,5,HORZ_B,674,1
ReadySetGo_3840x2160_120fps_420_8bit_YUV_RAW,55,220,32,6,VERT_A,595,1
ReadySetGo_3840x2160_120fps_420_8bit_YUV_RAW,55,220,32,7,VERT_B,633,1
ReadySetGo_3840x2160_120fps_420_8bit_YUV_RAW,55,220,32,8,HORZ_4,1798,1
ReadySetGo_3840x2160_120fps_420_8bit_YUV_RAW,55,220,32,9,VERT_4,2155,1
ReadySetGo_3840x2160_120fps_420_8bit_YUV_RAW,55,220,64,0,NONE,1665,1
ReadySetGo_3840x2160_120fps_420_8bit_YUV_RAW,55,220,64,1,HORZ,351,1
ReadySetGo_3840x2160_120fps_420_8bit_YUV_RAW,55,220,64,2,VERT,348,1
ReadySetGo_3840x2160_120fps_420_8bit_YUV_RAW,55,220,64,3,SPLIT,6345,1
ReadySetGo_3840x2160_120fps_420_8bit_YUV_RAW,55,220,64,4,HORZ_A,66,1
ReadySetGo_3840x2160_120fps_420_8bit_YUV_RAW,55,220,64,5,HORZ_B,131,1
ReadySetGo_3840x2160_120fps_420_8bit_YUV_RAW,55,220,64,6,VERT_A,36,1
ReadySetGo_3840x2160_120fps_420_8bit_YUV_RAW,55,220,64,7,VERT_B,93,1
ReadySetGo_3840x2160_120fps_420_8bit_YUV_RAW,55,220,64,8,HORZ_4,205,1
ReadySetGo_3840x2160_120fps_420_8bit_YUV_RAW,55,220,64,9,VERT_4,160,1
RiverBank_3840x2160_50fps_420_8bit_YUV_RAW,20,80,8,0,NONE,463987,0
RiverBank_3840x2160_50fps_420_8bit_YUV_RAW,20,80,16,0,NONE,51732,1
RiverBank_3840x2160_50fps_420_8bit_YUV_RAW,20,80,16,1,HORZ,30672,1
RiverBank_3840x2160_50fps_420_8bit_YUV_RAW,20,80,16,2,VERT,6452,1
RiverBank_3840x2160_50fps_420_8bit_YUV_RAW,20,80,16,3,SPLIT,17395,1
RiverBank_3840x2160_50fps_420_8bit_YUV_RAW,20,80,16,4,HORZ_A,14310,1
RiverBank_3840x2160_50fps_420_8bit_YUV_RAW,20,80,16,5,HORZ_B,13291,1
RiverBank_3840x2160_50fps_420_8bit_YUV_RAW,20,80,16,6,VERT_A,5450,1
RiverBank_3840x2160_50fps_420_8bit_YUV_RAW,20,80,16,7,VERT_B,5393,1
RiverBank_3840x2160_50fps_420_8bit_YUV_RAW,20,80,32,0,NONE,8106,1
RiverBank_3840x2160_50fps_420_8bit_YUV_RAW,20,80,32,1,HORZ,193,1
RiverBank_3840x2160_50fps_420_8bit_YUV_RAW,20,80,32,2,VERT,105,1
RiverBank_3840x2160_50fps_420_8bit_YUV_RAW,20,80,32,3,SPLIT,26700,1
RiverBank_3840x2160_50fps_420_8bit_YUV_RAW,20,80,32,4,HORZ_A,275,1
RiverBank_3840x2160_50fps_420_8bit_YUV_RAW,20,80,32,5,HORZ_B,395,1
RiverBank_3840x2160_50fps_420_8bit_YUV_RAW,20,80,32,6,VERT_A,218,1
RiverBank_3840x2160_50fps_420_8bit_YUV_RAW,20,80,32,7,VERT_B,369,1
RiverBank_3840x2160_50fps_420_8bit_YUV_RAW,20,80,32,8,HORZ_4,2359,1
RiverBank_3840x2160_50fps_420_8bit_YUV_RAW,20,80,32,9,VERT_4,64,1
RiverBank_3840x2160_50fps_420_8bit_YUV_RAW,20,80,64,0,NONE,1509,1
RiverBank_3840x2160_50fps_420_8bit_YUV_RAW,20,80,64,1,HORZ,12,1
RiverBank_3840x2160_50fps_420_8bit_YUV_RAW,20,80,64,2,VERT,15,1
RiverBank_3840x2160_50fps_420_8bit_YUV_RAW,20,80,64,3,SPLIT,8210,1
RiverBank_3840x2160_50fps_420_8bit_YUV_RAW,20,80,64,4,HORZ_A,3,1
RiverBank_3840x2160_50fps_420_8bit_YUV_RAW,20,80,64,5,HORZ_B,2,1
RiverBank_3840x2160_50fps_420_8bit_YUV_RAW,20,80,64,6,VERT_A,1,1
RiverBank_3840x2160_50fps_420_8bit_YUV_RAW,20,80,64,8,HORZ_4,3,1
RiverBank_3840x2160_50fps_420_8bit_YUV_RAW,32,128,8,0,NONE,386992,0
RiverBank_3840x2160_50fps_420_8bit_YUV_RAW,32,128,16,0,NONE,59854,1
RiverBank_3840x2160_50fps_420_8bit_YUV_RAW,32,128,16,1,HORZ,35551,1
RiverBank_3840x2160_50fps_420_8bit_YUV_RAW,32,128,16,2,VERT,7589,1
RiverBank_3840x2160_50fps_420_8bit_YUV_RAW,32,128,16,3,SPLIT,7213,1
RiverBank_3840x2160_50fps_420_8bit_YUV_RAW,32,128,16,4,HORZ_A,8902,1
RiverBank_3840x2160_50fps_420_8bit_YUV_RAW,32,128,16,5,HORZ_B,7164,1
RiverBank_3840x2160_50fps_420_8bit_YUV_RAW,32,128,16,6,VERT_A,2315,1
RiverBank_3840x2160_50fps_420_8bit_YUV_RAW,32,128,16,7,VERT_B,1829,1
RiverBank_3840x2160_50fps_420_8bit_YUV_RAW,32,128,32,0,NONE,10744,1
RiverBank_3840x2160_50fps_420_8bit_YUV_RAW,32,128,32,1,HORZ,718,1
RiverBank_3840x2160_50fps_420_8bit_YUV_RAW,32,128,32,2,VERT,421,1
RiverBank_3840x2160_50fps_420_8bit_YUV_RAW,32,128,32,3,SPLIT,19037,1
RiverBank_3840x2160_50fps_420_8bit_YUV_RAW,32,128,32,4,HORZ_A,609,1
RiverBank_3840x2160_50fps_420_8bit_YUV_RAW,32,128,32,5,HORZ_B,850,1
RiverBank_3840x2160_50fps_420_8bit_YUV_RAW,32,128,32,6,VERT_A,352,1
RiverBank_3840x2160_50fps_420_8bit_YUV_RAW,32,128,32,7,VERT_B,635,1
RiverBank_3840x2160_50fps_420_8bit_YUV_RAW,32,128,32,8,HORZ_4,3908,1
RiverBank_3840x2160_50fps_420_8bit_YUV_RAW,32,128,32,9,VERT_4,138,1
RiverBank_3840x2160_50fps_420_8bit_YUV_RAW,32,128,64,0,NONE,1703,1
RiverBank_3840x2160_50fps_420_8bit_YUV_RAW,32,128,64,1,HORZ,47,1
RiverBank_3840x2160_50fps_420_8bit_YUV_RAW,32,128,64,2,VERT,53,1
RiverBank_3840x2160_50fps_420_8bit_YUV_RAW,32,128,64,3,SPLIT,7870,1
RiverBank_3840x2160_50fps_420_8bit_YUV_RAW,32,128,64,5,HORZ_B,3,1
RiverBank_3840x2160_50fps_420_8bit_YUV_RAW,32,128,64,6,VERT_A,3,1
RiverBank_3840x2160_50fps_420_8bit_YUV_RAW,32,128,64,7,VERT_B,5,1
RiverBank_3840x2160_50fps_420_8bit_YUV_RAW,32,128,64,8,HORZ_4,9,1
RiverBank_3840x2160_50fps_420_8bit_YUV_RAW,43,172,8,0,NONE,306008,0
RiverBank_3840x2160_50fps_420_8bit_YUV_RAW,43,172,16,0,NONE,59481,1
RiverBank_3840x2160_50fps_420_8bit_YUV_RAW,43,172,16,1,HORZ,32367,1
RiverBank_3840x2160_50fps_420_8bit_YUV_RAW,43,172,16,2,VERT,7501,1
RiverBank_3840x2160_50fps_420_8bit_YUV_RAW,43,172,16,3,SPLIT,2745,1
RiverBank_3840x2160_50fps_420_8bit_YUV_RAW,43,172,16,4,HORZ_A,4847,1
RiverBank_3840x2160_50fps_420_8bit_YUV_RAW,43,172,16,5,HORZ_B,3415,1
RiverBank_3840x2160_50fps_420_8bit_YUV_RAW,43,172,16,6,VERT_A,1011,1
RiverBank_3840x2160_50fps_420_8bit_YUV_RAW,43,172,16,7,VERT_B,806,1
RiverBank_3840x2160_50fps_420_8bit_YUV_RAW,43,172,32,0,NONE,10875,1
RiverBank_3840x2160_50fps_420_8bit_YUV_RAW,43,172,32,1,HORZ,2701,1
RiverBank_3840x2160_50fps_420_8bit_YUV_RAW,43,172,32,2,VERT,2039,1
RiverBank_3840x2160_50fps_420_8bit_YUV_RAW,43,172,32,3,SPLIT,11088,1
RiverBank_3840x2160_50fps_420_8bit_YUV_RAW,43,172,32,4,HORZ_A,640,1
RiverBank_3840x2160_50fps_420_8bit_YUV_RAW,43,172,32,5,HORZ_B,597,1
RiverBank_3840x2160_50fps_420_8bit_YUV_RAW,43,172,32,6,VERT_A,357,1
RiverBank_3840x2160_50fps_420_8bit_YUV_RAW,43,172,32,7,VERT_B,412,1
RiverBank_3840x2160_50fps_420_8bit_YUV_RAW,43,172,32,8,HORZ_4,5079,1
RiverBank_3840x2160_50fps_420_8bit_YUV_RAW,43,172,32,9,VERT_4,614,1
RiverBank_3840x2160_50fps_420_8bit_YUV_RAW,43,172,64,0,NONE,1970,1
RiverBank_3840x2160_50fps_420_8bit_YUV_RAW,43,172,64,1,HORZ,95,1
RiverBank_3840x2160_50fps_420_8bit_YUV_RAW,43,172,64,2,VERT,59,1
RiverBank_3840x2160_50fps_420_8bit_YUV_RAW,43,172,64,3,SPLIT,7146,1
RiverBank_3840x2160_50fps_420_8bit_YUV_RAW,43,172,64,4,HORZ_A,19,1
RiverBank_3840x2160_50fps_420_8bit_YUV_RAW,43,172,64,5,HORZ_B,16,1
RiverBank_3840x2160_50fps_420_8bit_YUV_RAW,43,172,64,6,VERT_A,6,1
RiverBank_3840x2160_50fps_420_8bit_YUV_RAW,43,172,64,7,VERT_B,16,1
RiverBank_3840x2160_50fps_420_8bit_YUV_RAW,43,172,64,8,HORZ_4,48,1
RiverBank_3840x2160_50fps_420_8bit_YUV_RAW,43,172,64,9,VERT_4,1,1
RiverBank_3840x2160_50fps_420_8bit_YUV_RAW,55,220,8,0,NONE,195654,0
RiverBank_3840x2160_50fps_420_8bit_YUV_RAW,55,220,16,0,NONE,66379,1
RiverBank_3840x2160_50fps_420_8bit_YUV_RAW,55,220,16,1,HORZ,19838,1
RiverBank_3840x2160_50fps_420_8bit_YUV_RAW,55,220,16,2,VERT,3179,1
RiverBank_3840x2160_50fps_420_8bit_YUV_RAW,55,220,16,3,SPLIT,594,1
RiverBank_3840x2160_50fps_420_8bit_YUV_RAW,55,220,16,4,HORZ_A,1702,1
RiverBank_3840x2160_50fps_420_8bit_YUV_RAW,55,220,16,5,HORZ_B,988,1
RiverBank_3840x2160_50fps_420_8bit_YUV_RAW,55,220,16,6,VERT_A,421,1
RiverBank_3840x2160_50fps_420_8bit_YUV_RAW,55,220,16,7,VERT_B,246,1
RiverBank_3840x2160_50fps_420_8bit_YUV_RAW,55,220,32,0,NONE,11957,1
RiverBank_3840x2160_50fps_420_8bit_YUV_RAW,55,220,32,1,HORZ,2706,1
RiverBank_3840x2160_50fps_420_8bit_YUV_RAW,55,220,32,2,VERT,1829,1
RiverBank_3840x2160_50fps_420_8bit_YUV_RAW,55,220,32,3,SPLIT,6181,1
RiverBank_3840x2160_50fps_420_8bit_YUV_RAW,55,220,32,4,HORZ_A,541,1
RiverBank_3840x2160_50fps_420_8bit_YUV_RAW,55,220,32,5,HORZ_B,544,1
RiverBank_3840x2160_50fps_420_8bit_YUV_RAW,55,220,32,6,VERT_A,169,1
RiverBank_3840x2160_50fps_420_8bit_YUV_RAW,55,220,32,7,VERT_B,245,1
RiverBank_3840x2160_50fps_420_8bit_YUV_RAW,55,220,32,8,HORZ_4,5664,1
RiverBank_3840x2160_50fps_420_8bit_YUV_RAW,55,220,32,9,VERT_4,318,1
RiverBank_3840x2160_50fps_420_8bit_YUV_RAW,55,220,64,0,NONE,2340,1
RiverBank_3840x2160_50fps_420_8bit_YUV_RAW,55,220,64,1,HORZ,324,1
RiverBank_3840x2160_50fps_420_8bit_YUV_RAW,55,220,64,2,VERT,174,1
RiverBank_3840x2160_50fps_420_8bit_YUV_RAW,55,220,64,3,SPLIT,5518,1
RiverBank_3840x2160_50fps_420_8bit_YUV_RAW,55,220,64,4,HORZ_A,29,1
RiverBank_3840x2160_50fps_420_8bit_YUV_RAW,55,220,64,5,HORZ_B,69,1
RiverBank_3840x2160_50fps_420_8bit_YUV_RAW,55,220,64,6,VERT_A,39,1
RiverBank_3840x2160_50fps_420_8bit_YUV_RAW,55,220,64,7,VERT_B,62,1
RiverBank_3840x2160_50fps_420_8bit_YUV_RAW,55,220,64,8,HORZ_4,112,1
RiverBank_3840x2160_50fps_420_8bit_YUV_RAW,55,220,64,9,VERT_4,16,1
ShakeNDry_3840x2160_120fps_420_8bit_YUV_RAW,20,80,8,0,NONE,490018,0
ShakeNDry_3840x2160_120fps_420_8bit_YUV_RAW,20,80,16,0,NONE,92332,1
ShakeNDry_3840x2160_120fps_420_8bit_YUV_RAW,20,80,16,1,HORZ,15409,1
ShakeNDry_3840x2160_120fps_420_8bit_YUV_RAW,20,80,16,2,VERT,23738,1
ShakeNDry_3840x2160_120fps_420_8bit_YUV_RAW,20,80,16,3,SPLIT,1090,1
ShakeNDry_3840x2160_120fps_420_8bit_YUV_RAW,20,80,16,4,HORZ_A,5686,1
ShakeNDry_3840x2160_120fps_420_8bit_YUV_RAW,20,80,16,5,HORZ_B,3627,1
ShakeNDry_3840x2160_120fps_420_8bit_YUV_RAW,20,80,16,6,VERT_A,6976,1
ShakeNDry_3840x2160_120fps_420_8bit_YUV_RAW,20,80,16,7,VERT_B,4044,1
ShakeNDry_3840x2160_120fps_420_8bit_YUV_RAW,20,80,32,0,NONE,5824,1
ShakeNDry_3840x2160_120fps_420_8bit_YUV_RAW,20,80,32,1,HORZ,1062,1
ShakeNDry_3840x2160_120fps_420_8bit_YUV_RAW,20,80,32,2,VERT,1008,1
ShakeNDry_3840x2160_120fps_420_8bit_YUV_RAW,20,80,32,3,SPLIT,22954,1
ShakeNDry_3840x2160_120fps_420_8bit_YUV_RAW,20,80,32,4,HORZ_A,1620,1
ShakeNDry_3840x2160_120fps_420_8bit_YUV_RAW,20,80,32,5,HORZ_B,2544,1
ShakeNDry_3840x2160_120fps_420_8bit_YUV_RAW,20,80,32,6,VERT_A,1836,1
ShakeNDry_3840x2160_120fps_420_8bit_YUV_RAW,20,80,32,7,VERT_B,2942,1
ShakeNDry_3840x2160_120fps_420_8bit_YUV_RAW,20,80,32,8,HORZ_4,37,1
ShakeNDry_3840x2160_120fps_420_8bit_YUV_RAW,20,80,32,9,VERT_4,444,1
ShakeNDry_3840x2160_120fps_420_8bit_YUV_RAW,20,80,64,0,NONE,506,1
ShakeNDry_3840x2160_120fps_420_8bit_YUV_RAW,20,80,64,1,HORZ,8,1
ShakeNDry_3840x2160_120fps_420_8bit_YUV_RAW,20,80,64,2,VERT,4,1
ShakeNDry_3840x2160_120fps_420_8bit_YUV_RAW,20,80,64,3,SPLIT,9622,1
ShakeNDry_3840x2160_120fps_420_8bit_YUV_RAW,20,80,64,4,HORZ_A,12,1
ShakeNDry_3840x2160_120fps_420_8bit_YUV_RAW,20,80,64,5,HORZ_B,23,1
ShakeNDry_3840x2160_120fps_420_8bit_YUV_RAW,20,80,64,6,VERT_A,6,1
ShakeNDry_3840x2160_120fps_420_8bit_YUV_RAW,20,80,64,7,VERT_B,9,1
ShakeNDry_3840x2160_120fps_420_8bit_YUV_RAW,32,128,8,0,NONE,396427,0
ShakeNDry_3840x2160_120fps_420_8bit_YUV_RAW,32,128,16,0,NONE,118319,1
ShakeNDry_3840x2160_120fps_420_8bit_YUV_RAW,32,128,16,1,HORZ,4821,1
ShakeNDry_3840x2160_120fps_420_8bit_YUV_RAW,32,128,16,2,VERT,3103,1
ShakeNDry_3840x2160_120fps_420_8bit_YUV_RAW,32,128,16,3,SPLIT,2160,1
ShakeNDry_3840x2160_120fps_420_8bit_YUV_RAW,32,128,16,4,HORZ_A,200,1
ShakeNDry_3840x2160_120fps_420_8bit_YUV_RAW,32,128,16,5,HORZ_B,363,1
ShakeNDry_3840x2160_120fps_420_8bit_YUV_RAW,32,128,16,6,VERT_A,186,1
ShakeNDry_3840x2160_120fps_420_8bit_YUV_RAW,32,128,16,7,VERT_B,288,1
ShakeNDry_3840x2160_120fps_420_8bit_YUV_RAW,32,128,32,0,NONE,21920,1
ShakeNDry_3840x2160_120fps_420_8bit_YUV_RAW,32,128,32,1,HORZ,2829,1
ShakeNDry_3840x2160_120fps_420_8bit_YUV_RAW,32,128,32,2,VERT,1905,1
ShakeNDry_3840x2160_120fps_420_8bit_YUV_RAW,32,128,32,3,SPLIT,4064,1
ShakeNDry_3840x2160_120fps_420_8bit_YUV_RAW,32,128,32,4,HORZ_A,1728,1
ShakeNDry_3840x2160_120fps_420_8bit_YUV_RAW,32,128,32,5,HORZ_B,1933,1
ShakeNDry_3840x2160_120fps_420_8bit_YUV_RAW,32,128,32,6,VERT_A,1399,1
ShakeNDry_3840x2160_120fps_420_8bit_YUV_RAW,32,128,32,7,VERT_B,1542,1
ShakeNDry_3840x2160_120fps_420_8bit_YUV_RAW,32,128,32,8,HORZ_4,97,1
ShakeNDry_3840x2160_120fps_420_8bit_YUV_RAW,32,128,32,9,VERT_4,147,1
ShakeNDry_3840x2160_120fps_420_8bit_YUV_RAW,32,128,64,0,NONE,2814,1
ShakeNDry_3840x2160_120fps_420_8bit_YUV_RAW,32,128,64,1,HORZ,62,1
ShakeNDry_3840x2160_120fps_420_8bit_YUV_RAW,32,128,64,2,VERT,46,1
ShakeNDry_3840x2160_120fps_420_8bit_YUV_RAW,32,128,64,3,SPLIT,6543,1
ShakeNDry_3840x2160_120fps_420_8bit_YUV_RAW,32,128,64,4,HORZ_A,116,1
ShakeNDry_3840x2160_120fps_420_8bit_YUV_RAW,32,128,64,5,HORZ_B,168,1
ShakeNDry_3840x2160_120fps_420_8bit_YUV_RAW,32,128,64,6,VERT_A,77,1
ShakeNDry_3840x2160_120fps_420_8bit_YUV_RAW,32,128,64,7,VERT_B,140,1
ShakeNDry_3840x2160_120fps_420_8bit_YUV_RAW,32,128,64,9,VERT_4,2,1
ShakeNDry_3840x2160_120fps_420_8bit_YUV_RAW,43,172,8,0,NONE,243348,0
ShakeNDry_3840x2160_120fps_420_8bit_YUV_RAW,43,172,16,0,NONE,114404,1
ShakeNDry_3840x2160_120fps_420_8bit_YUV_RAW,43,172,16,1,HORZ,2440,1
ShakeNDry_3840x2160_120fps_420_8bit_YUV_RAW,43,172,16,2,VERT,1261,1
ShakeNDry_3840x2160_120fps_420_8bit_YUV_RAW,43,172,16,3,SPLIT,126,1
ShakeNDry_3840x2160_120fps_420_8bit_YUV_RAW,43,172,16,4,HORZ_A,29,1
ShakeNDry_3840x2160_120fps_420_8bit_YUV_RAW,43,172,16,5,HORZ_B,93,1
ShakeNDry_3840x2160_120fps_420_8bit_YUV_RAW,43,172,16,6,VERT_A,24,1
ShakeNDry_3840x2160_120fps_420_8bit_YUV_RAW,43,172,16,7,VERT_B,63,1
ShakeNDry_3840x2160_120fps_420_8bit_YUV_RAW,43,172,32,0,NONE,24522,1
ShakeNDry_3840x2160_120fps_420_8bit_YUV_RAW,43,172,32,1,HORZ,4932,1
ShakeNDry_3840x2160_120fps_420_8bit_YUV_RAW,43,172,32,2,VERT,3590,1
ShakeNDry_3840x2160_120fps_420_8bit_YUV_RAW,43,172,32,3,SPLIT,1663,1
ShakeNDry_3840x2160_120fps_420_8bit_YUV_RAW,43,172,32,4,HORZ_A,1038,1
ShakeNDry_3840x2160_120fps_420_8bit_YUV_RAW,43,172,32,5,HORZ_B,574,1
ShakeNDry_3840x2160_120fps_420_8bit_YUV_RAW,43,172,32,6,VERT_A,442,1
ShakeNDry_3840x2160_120fps_420_8bit_YUV_RAW,43,172,32,7,VERT_B,364,1
ShakeNDry_3840x2160_120fps_420_8bit_YUV_RAW,43,172,32,8,HORZ_4,71,1
ShakeNDry_3840x2160_120fps_420_8bit_YUV_RAW,43,172,32,9,VERT_4,107,1
ShakeNDry_3840x2160_120fps_420_8bit_YUV_RAW,43,172,64,0,NONE,2794,1
ShakeNDry_3840x2160_120fps_420_8bit_YUV_RAW,43,172,64,1,HORZ,170,1
ShakeNDry_3840x2160_120fps_420_8bit_YUV_RAW,43,172,64,2,VERT,155,1
ShakeNDry_3840x2160_120fps_420_8bit_YUV_RAW,43,172,64,3,SPLIT,5773,1
ShakeNDry_3840x2160_120fps_420_8bit_YUV_RAW,43,172,64,4,HORZ_A,230,1
ShakeNDry_3840x2160_120fps_420_8bit_YUV_RAW,43,172,64,5,HORZ_B,337,1
ShakeNDry_3840x2160_120fps_420_8bit_YUV_RAW,43,172,64,6,VERT_A,129,1
ShakeNDry_3840x2160_120fps_420_8bit_YUV_RAW,43,172,64,7,VERT_B,291,1
ShakeNDry_3840x2160_120fps_420_8bit_YUV_RAW,43,172,64,8,HORZ_4,7,1
ShakeNDry_3840x2160_120fps_420_8bit_YUV_RAW,43,172,64,9,VERT_4,17,1
ShakeNDry_3840x2160_120fps_420_8bit_YUV_RAW,55,220,8,0,NONE,121571,0
ShakeNDry_3840x2160_120fps_420_8bit_YUV_RAW,55,220,16,0,NONE,96966,1
ShakeNDry_3840x2160_120fps_420_8bit_YUV_RAW,55,220,16,1,HORZ,979,1
ShakeNDry_3840x2160_120fps_420_8bit_YUV_RAW,55,220,16,2,VERT,647,1
ShakeNDry_3840x2160_120fps_420_8bit_YUV_RAW,55,220,16,3,SPLIT,7,1
ShakeNDry_3840x2160_120fps_420_8bit_YUV_RAW,55,220,16,4,HORZ_A,20,1
ShakeNDry_3840x2160_120fps_420_8bit_YUV_RAW,55,220,16,5,HORZ_B,25,1
ShakeNDry_3840x2160_120fps_420_8bit_YUV_RAW,55,220,16,6,VERT_A,14,1
ShakeNDry_3840x2160_120fps_420_8bit_YUV_RAW,55,220,16,7,VERT_B,19,1
ShakeNDry_3840x2160_120fps_420_8bit_YUV_RAW,55,220,32,0,NONE,27304,1
ShakeNDry_3840x2160_120fps_420_8bit_YUV_RAW,55,220,32,1,HORZ,4198,1
ShakeNDry_3840x2160_120fps_420_8bit_YUV_RAW,55,220,32,2,VERT,2857,1
ShakeNDry_3840x2160_120fps_420_8bit_YUV_RAW,55,220,32,3,SPLIT,1217,1
ShakeNDry_3840x2160_120fps_420_8bit_YUV_RAW,55,220,32,4,HORZ_A,242,1
ShakeNDry_3840x2160_120fps_420_8bit_YUV_RAW,55,220,32,5,HORZ_B,151,1
ShakeNDry_3840x2160_120fps_420_8bit_YUV_RAW,55,220,32,6,VERT_A,149,1
ShakeNDry_3840x2160_120fps_420_8bit_YUV_RAW,55,220,32,7,VERT_B,92,1
ShakeNDry_3840x2160_120fps_420_8bit_YUV_RAW,55,220,32,8,HORZ_4,83,1
ShakeNDry_3840x2160_120fps_420_8bit_YUV_RAW,55,220,32,9,VERT_4,120,1
ShakeNDry_3840x2160_120fps_420_8bit_YUV_RAW,55,220,64,0,NONE,2869,1
ShakeNDry_3840x2160_120fps_420_8bit_YUV_RAW,55,220,64,1,HORZ,388,1
ShakeNDry_3840x2160_120fps_420_8bit_YUV_RAW,55,220,64,2,VERT,324,1
ShakeNDry_3840x2160_120fps_420_8bit_YUV_RAW,55,220,64,3,SPLIT,5096,1
ShakeNDry_3840x2160_120fps_420_8bit_YUV_RAW,55,220,64,4,HORZ_A,235,1
ShakeNDry_3840x2160_120fps_420_8bit_YUV_RAW,55,220,64,5,HORZ_B,372,1
ShakeNDry_3840x2160_120fps_420_8bit_YUV_RAW,55,220,64,6,VERT_A,135,1
ShakeNDry_3840x2160_120fps_420_8bit_YUV_RAW,55,220,64,7,VERT_B,363,1
ShakeNDry_3840x2160_120fps_420_8bit_YUV_RAW,55,220,64,8,HORZ_4,33,1
ShakeNDry_3840x2160_120fps_420_8bit_YUV_RAW,55,220,64,9,VERT_4,60,1
SunBath_3840x2160_50fps_420_8bit_YUV_RAW,20,80,8,0,NONE,316143,0
SunBath_3840x2160_50fps_420_8bit_YUV_RAW,20,80,16,0,NONE,98928,1
SunBath_3840x2160_50fps_420_8bit_YUV_RAW,20,80,16,1,HORZ,8526,1
SunBath_3840x2160_50fps_420_8bit_YUV_RAW,20,80,16,2,VERT,10139,1
SunBath_3840x2160_50fps_420_8bit_YUV_RAW,20,80,16,3,SPLIT,1937,1
SunBath_3840x2160_50fps_420_8bit_YUV_RAW,20,80,16,4,HORZ_A,1646,1
SunBath_3840x2160_50fps_420_8bit_YUV_RAW,20,80,16,5,HORZ_B,1474,1
SunBath_3840x2160_50fps_420_8bit_YUV_RAW,20,80,16,6,VERT_A,1659,1
SunBath_3840x2160_50fps_420_8bit_YUV_RAW,20,80,16,7,VERT_B,1507,1
SunBath_3840x2160_50fps_420_8bit_YUV_RAW,20,80,32,0,NONE,17510,1
SunBath_3840x2160_50fps_420_8bit_YUV_RAW,20,80,32,1,HORZ,2699,1
SunBath_3840x2160_50fps_420_8bit_YUV_RAW,20,80,32,2,VERT,2555,1
SunBath_3840x2160_50fps_420_8bit_YUV_RAW,20,80,32,3,SPLIT,8829,1
SunBath_3840x2160_50fps_420_8bit_YUV_RAW,20,80,32,4,HORZ_A,764,1
SunBath_3840x2160_50fps_420_8bit_YUV_RAW,20,80,32,5,HORZ_B,1148,1
SunBath_3840x2160_50fps_420_8bit_YUV_RAW,20,80,32,6,VERT_A,958,1
SunBath_3840x2160_50fps_420_8bit_YUV_RAW,20,80,32,7,VERT_B,1078,1
SunBath_3840x2160_50fps_420_8bit_YUV_RAW,20,80,32,8,HORZ_4,592,1
SunBath_3840x2160_50fps_420_8bit_YUV_RAW,20,80,32,9,VERT_4,1036,1
SunBath_3840x2160_50fps_420_8bit_YUV_RAW,20,80,64,0,NONE,2856,1
SunBath_3840x2160_50fps_420_8bit_YUV_RAW,20,80,64,1,HORZ,234,1
SunBath_3840x2160_50fps_420_8bit_YUV_RAW,20,80,64,2,VERT,116,1
SunBath_3840x2160_50fps_420_8bit_YUV_RAW,20,80,64,3,SPLIT,6252,1
SunBath_3840x2160_50fps_420_8bit_YUV_RAW,20,80,64,4,HORZ_A,73,1
SunBath_3840x2160_50fps_420_8bit_YUV_RAW,20,80,64,5,HORZ_B,102,1
SunBath_3840x2160_50fps_420_8bit_YUV_RAW,20,80,64,6,VERT_A,43,1
SunBath_3840x2160_50fps_420_8bit_YUV_RAW,20,80,64,7,VERT_B,53,1
SunBath_3840x2160_50fps_420_8bit_YUV_RAW,20,80,64,8,HORZ_4,20,1
SunBath_3840x2160_50fps_420_8bit_YUV_RAW,20,80,64,9,VERT_4,20,1
SunBath_3840x2160_50fps_420_8bit_YUV_RAW,32,128,8,0,NONE,187038,0
SunBath_3840x2160_50fps_420_8bit_YUV_RAW,32,128,16,0,NONE,89948,1
SunBath_3840x2160_50fps_420_8bit_YUV_RAW,32,128,16,1,HORZ,6622,1
SunBath_3840x2160_50fps_420_8bit_YUV_RAW,32,128,16,2,VERT,7592,1
SunBath_3840x2160_50fps_420_8bit_YUV_RAW,32,128,16,3,SPLIT,438,1
SunBath_3840x2160_50fps_420_8bit_YUV_RAW,32,128,16,4,HORZ_A,843,1
SunBath_3840x2160_50fps_420_8bit_YUV_RAW,32,128,16,5,HORZ_B,688,1
SunBath_3840x2160_50fps_420_8bit_YUV_RAW,32,128,16,6,VERT_A,716,1
SunBath_3840x2160_50fps_420_8bit_YUV_RAW,32,128,16,7,VERT_B,723,1
SunBath_3840x2160_50fps_420_8bit_YUV_RAW,32,128,32,0,NONE,19685,1
SunBath_3840x2160_50fps_420_8bit_YUV_RAW,32,128,32,1,HORZ,3171,1
SunBath_3840x2160_50fps_420_8bit_YUV_RAW,32,128,32,2,VERT,2827,1
SunBath_3840x2160_50fps_420_8bit_YUV_RAW,32,128,32,3,SPLIT,5039,1
SunBath_3840x2160_50fps_420_8bit_YUV_RAW,32,128,32,4,HORZ_A,458,1
SunBath_3840x2160_50fps_420_8bit_YUV_RAW,32,128,32,5,HORZ_B,849,1
SunBath_3840x2160_50fps_420_8bit_YUV_RAW,32,128,32,6,VERT_A,508,1
SunBath_3840x2160_50fps_420_8bit_YUV_RAW,32,128,32,7,VERT_B,866,1
SunBath_3840x2160_50fps_420_8bit_YUV_RAW,32,128,32,8,HORZ_4,681,1
SunBath_3840x2160_50fps_420_8bit_YUV_RAW,32,128,32,9,VERT_4,1066,1
SunBath_3840x2160_50fps_420_8bit_YUV_RAW,32,128,64,0,NONE,3160,1
SunBath_3840x2160_50fps_420_8bit_YUV_RAW,32,128,64,1,HORZ,338,1
SunBath_3840x2160_50fps_420_8bit_YUV_RAW,32,128,64,2,VERT,291,1
SunBath_3840x2160_50fps_420_8bit_YUV_RAW,32,128,64,3,SPLIT,5518,1
SunBath_3840x2160_50fps_420_8bit_YUV_RAW,32,128,64,4,HORZ_A,65,1
SunBath_3840x2160_50fps_420_8bit_YUV_RAW,32,128,64,5,HORZ_B,122,1
SunBath_3840x2160_50fps_420_8bit_YUV_RAW,32,128,64,6,VERT_A,64,1
SunBath_3840x2160_50fps_420_8bit_YUV_RAW,32,128,64,7,VERT_B,132,1
SunBath_3840x2160_50fps_420_8bit_YUV_RAW,32,128,64,8,HORZ_4,39,1
SunBath_3840x2160_50fps_420_8bit_YUV_RAW,32,128,64,9,VERT_4,34,1
SunBath_3840x2160_50fps_420_8bit_YUV_RAW,43,172,8,0,NONE,110073,0
SunBath_3840x2160_50fps_420_8bit_YUV_RAW,43,172,16,0,NONE,74867,1
SunBath_3840x2160_50fps_420_8bit_YUV_RAW,43,172,16,1,HORZ,5837,1
SunBath_3840x2160_50fps_420_8bit_YUV_RAW,43,172,16,2,VERT,6165,1
SunBath_3840x2160_50fps_420_8bit_YUV_RAW,43,172,16,3,SPLIT,119,1
SunBath_3840x2160_50fps_420_8bit_YUV_RAW,43,172,16,4,HORZ_A,281,1
SunBath_3840x2160_50fps_420_8bit_YUV_RAW,43,172,16,5,HORZ_B,154,1
SunBath_3840x2160_50fps_420_8bit_YUV_RAW,43,172,16,6,VERT_A,218,1
SunBath_3840x2160_50fps_420_8bit_YUV_RAW,43,172,16,7,VERT_B,198,1
SunBath_3840x2160_50fps_420_8bit_YUV_RAW,43,172,32,0,NONE,18465,1
SunBath_3840x2160_50fps_420_8bit_YUV_RAW,43,172,32,1,HORZ,4452,1
SunBath_3840x2160_50fps_420_8bit_YUV_RAW,43,172,32,2,VERT,4113,1
SunBath_3840x2160_50fps_420_8bit_YUV_RAW,43,172,32,3,SPLIT,2121,1
SunBath_3840x2160_50fps_420_8bit_YUV_RAW,43,172,32,4,HORZ_A,367,1
SunBath_3840x2160_50fps_420_8bit_YUV_RAW,43,172,32,5,HORZ_B,422,1
SunBath_3840x2160_50fps_420_8bit_YUV_RAW,43,172,32,6,VERT_A,306,1
SunBath_3840x2160_50fps_420_8bit_YUV_RAW,43,172,32,7,VERT_B,425,1
SunBath_3840x2160_50fps_420_8bit_YUV_RAW,43,172,32,8,HORZ_4,623,1
SunBath_3840x2160_50fps_420_8bit_YUV_RAW,43,172,32,9,VERT_4,930,1
SunBath_3840x2160_50fps_420_8bit_YUV_RAW,43,172,64,0,NONE,3336,1
SunBath_3840x2160_50fps_420_8bit_YUV_RAW,43,172,64,1,HORZ,505,1
SunBath_3840x2160_50fps_420_8bit_YUV_RAW,43,172,64,2,VERT,560,1
SunBath_3840x2160_50fps_420_8bit_YUV_RAW,43,172,64,3,SPLIT,4471,1
SunBath_3840x2160_50fps_420_8bit_YUV_RAW,43,172,64,4,HORZ_A,61,1
SunBath_3840x2160_50fps_420_8bit_YUV_RAW,43,172,64,5,HORZ_B,129,1
SunBath_3840x2160_50fps_420_8bit_YUV_RAW,43,172,64,6,VERT_A,70,1
SunBath_3840x2160_50fps_420_8bit_YUV_RAW,43,172,64,7,VERT_B,120,1
SunBath_3840x2160_50fps_420_8bit_YUV_RAW,43,172,64,8,HORZ_4,124,1
SunBath_3840x2160_50fps_420_8bit_YUV_RAW,43,172,64,9,VERT_4,97,1
SunBath_3840x2160_50fps_420_8bit_YUV_RAW,55,220,8,0,NONE,75081,0
SunBath_3840x2160_50fps_420_8bit_YUV_RAW,55,220,16,0,NONE,58368,1
SunBath_3840x2160_50fps_420_8bit_YUV_RAW,55,220,16,1,HORZ,5900,1
SunBath_3840x2160_50fps_420_8bit_YUV_RAW,55,220,16,2,VERT,4435,1
SunBath_3840x2160_50fps_420_8bit_YUV_RAW,55,220,16,3,SPLIT,179,1
SunBath_3840x2160_50fps_420_8bit_YUV_RAW,55,220,16,4,HORZ_A,120,1
SunBath_3840x2160_50fps_420_8bit_YUV_RAW,55,220,16,5,HORZ_B,68,1
SunBath_3840x2160_50fps_420_8bit_YUV_RAW,55,220,16,6,VERT_A,81,1
SunBath_3840x2160_50fps_420_8bit_YUV_RAW,55,220,16,7,VERT_B,48,1
SunBath_3840x2160_50fps_420_8bit_YUV_RAW,55,220,32,0,NONE,18636,1
SunBath_3840x2160_50fps_420_8bit_YUV_RAW,55,220,32,1,HORZ,4512,1
SunBath_3840x2160_50fps_420_8bit_YUV_RAW,55,220,32,2,VERT,3684,1
SunBath_3840x2160_50fps_420_8bit_YUV_RAW,55,220,32,3,SPLIT,1151,1
SunBath_3840x2160_50fps_420_8bit_YUV_RAW,55,220,32,4,HORZ_A,223,1
SunBath_3840x2160_50fps_420_8bit_YUV_RAW,55,220,32,5,HORZ_B,242,1
SunBath_3840x2160_50fps_420_8bit_YUV_RAW,55,220,32,6,VERT_A,158,1
SunBath_3840x2160_50fps_420_8bit_YUV_RAW,55,220,32,7,VERT_B,228,1
SunBath_3840x2160_50fps_420_8bit_YUV_RAW,55,220,32,8,HORZ_4,498,1
SunBath_3840x2160_50fps_420_8bit_YUV_RAW,55,220,32,9,VERT_4,681,1
SunBath_3840x2160_50fps_420_8bit_YUV_RAW,55,220,64,0,NONE,3163,1
SunBath_3840x2160_50fps_420_8bit_YUV_RAW,55,220,64,1,HORZ,688,1
SunBath_3840x2160_50fps_420_8bit_YUV_RAW,55,220,64,2,VERT,868,1
SunBath_3840x2160_50fps_420_8bit_YUV_RAW,55,220,64,3,SPLIT,3587,1
SunBath_3840x2160_50fps_420_8bit_YUV_RAW,55,220,64,4,HORZ_A,61,1
SunBath_3840x2160_50fps_420_8bit_YUV_RAW,55,220,64,5,HORZ_B,144,1
SunBath_3840x2160_50fps_420_8bit_YUV_RAW,55,220,64,6,VERT_A,49,1
SunBath_3840x2160_50fps_420_8bit_YUV_RAW,55,220,64,7,VERT_B,156,1
SunBath_3840x2160_50fps_420_8bit_YUV_RAW,55,220,64,8,HORZ_4,164,1
SunBath_3840x2160_50fps_420_8bit_YUV_RAW,55,220,64,9,VERT_4,139,1
Twilight_3840x2160_50fps_420_8bit_YUV_RAW,20,80,8,0,NONE,359790,0
Twilight_3840x2160_50fps_420_8bit_YUV_RAW,20,80,16,0,NONE,92946,1
Twilight_3840x2160_50fps_420_8bit_YUV_RAW,20,80,16,1,HORZ,5479,1
Twilight_3840x2160_50fps_420_8bit_YUV_RAW,20,80,16,2,VERT,3030,1
Twilight_3840x2160_50fps_420_8bit_YUV_RAW,20,80,16,3,SPLIT,24429,1
Twilight_3840x2160_50fps_420_8bit_YUV_RAW,20,80,16,4,HORZ_A,2297,1
Twilight_3840x2160_50fps_420_8bit_YUV_RAW,20,80,16,5,HORZ_B,1953,1
Twilight_3840x2160_50fps_420_8bit_YUV_RAW,20,80,16,6,VERT_A,1658,1
Twilight_3840x2160_50fps_420_8bit_YUV_RAW,20,80,16,7,VERT_B,1512,1
Twilight_3840x2160_50fps_420_8bit_YUV_RAW,20,80,32,0,NONE,20279,1
Twilight_3840x2160_50fps_420_8bit_YUV_RAW,20,80,32,1,HORZ,446,1
Twilight_3840x2160_50fps_420_8bit_YUV_RAW,20,80,32,2,VERT,356,1
Twilight_3840x2160_50fps_420_8bit_YUV_RAW,20,80,32,3,SPLIT,13735,1
Twilight_3840x2160_50fps_420_8bit_YUV_RAW,20,80,32,4,HORZ_A,344,1
Twilight_3840x2160_50fps_420_8bit_YUV_RAW,20,80,32,5,HORZ_B,368,1
Twilight_3840x2160_50fps_420_8bit_YUV_RAW,20,80,32,6,VERT_A,240,1
Twilight_3840x2160_50fps_420_8bit_YUV_RAW,20,80,32,7,VERT_B,312,1
Twilight_3840x2160_50fps_420_8bit_YUV_RAW,20,80,32,8,HORZ_4,406,1
Twilight_3840x2160_50fps_420_8bit_YUV_RAW,20,80,32,9,VERT_4,394,1
Twilight_3840x2160_50fps_420_8bit_YUV_RAW,20,80,64,0,NONE,3020,1
Twilight_3840x2160_50fps_420_8bit_YUV_RAW,20,80,64,1,HORZ,13,1
Twilight_3840x2160_50fps_420_8bit_YUV_RAW,20,80,64,2,VERT,11,1
Twilight_3840x2160_50fps_420_8bit_YUV_RAW,20,80,64,3,SPLIT,6228,1
Twilight_3840x2160_50fps_420_8bit_YUV_RAW,20,80,64,4,HORZ_A,7,1
Twilight_3840x2160_50fps_420_8bit_YUV_RAW,20,80,64,5,HORZ_B,9,1
Twilight_3840x2160_50fps_420_8bit_YUV_RAW,20,80,64,6,VERT_A,3,1
Twilight_3840x2160_50fps_420_8bit_YUV_RAW,20,80,64,7,VERT_B,3,1
Twilight_3840x2160_50fps_420_8bit_YUV_RAW,20,80,64,8,HORZ_4,5,1
Twilight_3840x2160_50fps_420_8bit_YUV_RAW,20,80,64,9,VERT_4,10,1
Twilight_3840x2160_50fps_420_8bit_YUV_RAW,32,128,8,0,NONE,244744,0
Twilight_3840x2160_50fps_420_8bit_YUV_RAW,32,128,16,0,NONE,85268,1
Twilight_3840x2160_50fps_420_8bit_YUV_RAW,32,128,16,1,HORZ,7032,1
Twilight_3840x2160_50fps_420_8bit_YUV_RAW,32,128,16,2,VERT,2686,1
Twilight_3840x2160_50fps_420_8bit_YUV_RAW,32,128,16,3,SPLIT,13300,1
Twilight_3840x2160_50fps_420_8bit_YUV_RAW,32,128,16,4,HORZ_A,1228,1
Twilight_3840x2160_50fps_420_8bit_YUV_RAW,32,128,16,5,HORZ_B,1547,1
Twilight_3840x2160_50fps_420_8bit_YUV_RAW,32,128,16,6,VERT_A,956,1
Twilight_3840x2160_50fps_420_8bit_YUV_RAW,32,128,16,7,VERT_B,1185,1
Twilight_3840x2160_50fps_420_8bit_YUV_RAW,32,128,32,0,NONE,21665,1
Twilight_3840x2160_50fps_420_8bit_YUV_RAW,32,128,32,1,HORZ,519,1
Twilight_3840x2160_50fps_420_8bit_YUV_RAW,32,128,32,2,VERT,406,1
Twilight_3840x2160_50fps_420_8bit_YUV_RAW,32,128,32,3,SPLIT,11134,1
Twilight_3840x2160_50fps_420_8bit_YUV_RAW,32,128,32,4,HORZ_A,248,1
Twilight_3840x2160_50fps_420_8bit_YUV_RAW,32,128,32,5,HORZ_B,294,1
Twilight_3840x2160_50fps_420_8bit_YUV_RAW,32,128,32,6,VERT_A,160,1
Twilight_3840x2160_50fps_420_8bit_YUV_RAW,32,128,32,7,VERT_B,215,1
Twilight_3840x2160_50fps_420_8bit_YUV_RAW,32,128,32,8,HORZ_4,487,1
Twilight_3840x2160_50fps_420_8bit_YUV_RAW,32,128,32,9,VERT_4,339,1
Twilight_3840x2160_50fps_420_8bit_YUV_RAW,32,128,64,0,NONE,3659,1
Twilight_3840x2160_50fps_420_8bit_YUV_RAW,32,128,64,1,HORZ,35,1
Twilight_3840x2160_50fps_420_8bit_YUV_RAW,32,128,64,2,VERT,32,1
Twilight_3840x2160_50fps_420_8bit_YUV_RAW,32,128,64,3,SPLIT,5280,1
Twilight_3840x2160_50fps_420_8bit_YUV_RAW,32,128,64,4,HORZ_A,20,1
Twilight_3840x2160_50fps_420_8bit_YUV_RAW,32,128,64,5,HORZ_B,19,1
Twilight_3840x2160_50fps_420_8bit_YUV_RAW,32,128,64,6,VERT_A,4,1
Twilight_3840x2160_50fps_420_8bit_YUV_RAW,32,128,64,7,VERT_B,12,1
Twilight_3840x2160_50fps_420_8bit_YUV_RAW,32,128,64,8,HORZ_4,11,1
Twilight_3840x2160_50fps_420_8bit_YUV_RAW,32,128,64,9,VERT_4,10,1
Twilight_3840x2160_50fps_420_8bit_YUV_RAW,43,172,8,0,NONE,110112,0
Twilight_3840x2160_50fps_420_8bit_YUV_RAW,43,172,16,0,NONE,66428,1
Twilight_3840x2160_50fps_420_8bit_YUV_RAW,43,172,16,1,HORZ,8292,1
Twilight_3840x2160_50fps_420_8bit_YUV_RAW,43,172,16,2,VERT,3446,1
Twilight_3840x2160_50fps_420_8bit_YUV_RAW,43,172,16,3,SPLIT,1310,1
Twilight_3840x2160_50fps_420_8bit_YUV_RAW,43,172,16,4,HORZ_A,723,1
Twilight_3840x2160_50fps_420_8bit_YUV_RAW,43,172,16,5,HORZ_B,592,1
Twilight_3840x2160_50fps_420_8bit_YUV_RAW,43,172,16,6,VERT_A,459,1
Twilight_3840x2160_50fps_420_8bit_YUV_RAW,43,172,16,7,VERT_B,451,1
Twilight_3840x2160_50fps_420_8bit_YUV_RAW,43,172,32,0,NONE,20128,1
Twilight_3840x2160_50fps_420_8bit_YUV_RAW,43,172,32,1,HORZ,1075,1
Twilight_3840x2160_50fps_420_8bit_YUV_RAW,43,172,32,2,VERT,686,1
Twilight_3840x2160_50fps_420_8bit_YUV_RAW,43,172,32,3,SPLIT,7577,1
Twilight_3840x2160_50fps_420_8bit_YUV_RAW,43,172,32,4,HORZ_A,129,1
Twilight_3840x2160_50fps_420_8bit_YUV_RAW,43,172,32,5,HORZ_B,186,1
Twilight_3840x2160_50fps_420_8bit_YUV_RAW,43,172,32,6,VERT_A,86,1
Twilight_3840x2160_50fps_420_8bit_YUV_RAW,43,172,32,7,VERT_B,143,1
Twilight_3840x2160_50fps_420_8bit_YUV_RAW,43,172,32,8,HORZ_4,702,1
Twilight_3840x2160_50fps_420_8bit_YUV_RAW,43,172,32,9,VERT_4,465,1
Twilight_3840x2160_50fps_420_8bit_YUV_RAW,43,172,64,0,NONE,3992,1
Twilight_3840x2160_50fps_420_8bit_YUV_RAW,43,172,64,1,HORZ,89,1
Twilight_3840x2160_50fps_420_8bit_YUV_RAW,43,172,64,2,VERT,51,1
Twilight_3840x2160_50fps_420_8bit_YUV_RAW,43,172,64,3,SPLIT,4469,1
Twilight_3840x2160_50fps_420_8bit_YUV_RAW,43,172,64,4,HORZ_A,13,1
Twilight_3840x2160_50fps_420_8bit_YUV_RAW,43,172,64,5,HORZ_B,27,1
Twilight_3840x2160_50fps_420_8bit_YUV_RAW,43,172,64,6,VERT_A,9,1
Twilight_3840x2160_50fps_420_8bit_YUV_RAW,43,172,64,7,VERT_B,16,1
Twilight_3840x2160_50fps_420_8bit_YUV_RAW,43,172,64,8,HORZ_4,46,1
Twilight_3840x2160_50fps_420_8bit_YUV_RAW,43,172,64,9,VERT_4,7,1
Twilight_3840x2160_50fps_420_8bit_YUV_RAW,55,220,8,0,NONE,38410,0
Twilight_3840x2160_50fps_420_8bit_YUV_RAW,55,220,16,0,NONE,39631,1
Twilight_3840x2160_50fps_420_8bit_YUV_RAW,55,220,16,1,HORZ,2641,1
Twilight_3840x2160_50fps_420_8bit_YUV_RAW,55,220,16,2,VERT,1663,1
Twilight_3840x2160_50fps_420_8bit_YUV_RAW,55,220,16,3,SPLIT,100,1
Twilight_3840x2160_50fps_420_8bit_YUV_RAW,55,220,16,4,HORZ_A,235,1
Twilight_3840x2160_50fps_420_8bit_YUV_RAW,55,220,16,5,HORZ_B,209,1
Twilight_3840x2160_50fps_420_8bit_YUV_RAW,55,220,16,6,VERT_A,169,1
Twilight_3840x2160_50fps_420_8bit_YUV_RAW,55,220,16,7,VERT_B,134,1
Twilight_3840x2160_50fps_420_8bit_YUV_RAW,55,220,32,0,NONE,16060,1
Twilight_3840x2160_50fps_420_8bit_YUV_RAW,55,220,32,1,HORZ,1167,1
Twilight_3840x2160_50fps_420_8bit_YUV_RAW,55,220,32,2,VERT,714,1
Twilight_3840x2160_50fps_420_8bit_YUV_RAW,55,220,32,3,SPLIT,3115,1
Twilight_3840x2160_50fps_420_8bit_YUV_RAW,55,220,32,4,HORZ_A,113,1
Twilight_3840x2160_50fps_420_8bit_YUV_RAW,55,220,32,5,HORZ_B,128,1
Twilight_3840x2160_50fps_420_8bit_YUV_RAW,55,220,32,6,VERT_A,65,1
Twilight_3840x2160_50fps_420_8bit_YUV_RAW,55,220,32,7,VERT_B,101,1
Twilight_3840x2160_50fps_420_8bit_YUV_RAW,55,220,32,8,HORZ_4,565,1
Twilight_3840x2160_50fps_420_8bit_YUV_RAW,55,220,32,9,VERT_4,440,1
Twilight_3840x2160_50fps_420_8bit_YUV_RAW,55,220,64,0,NONE,3911,1
Twilight_3840x2160_50fps_420_8bit_YUV_RAW,55,220,64,1,HORZ,374,1
Twilight_3840x2160_50fps_420_8bit_YUV_RAW,55,220,64,2,VERT,82,1
Twilight_3840x2160_50fps_420_8bit_YUV_RAW,55,220,64,3,SPLIT,3137,1
Twilight_3840x2160_50fps_420_8bit_YUV_RAW,55,220,64,4,HORZ_A,4,1
Twilight_3840x2160_50fps_420_8bit_YUV_RAW,55,220,64,5,HORZ_B,24,1
Twilight_3840x2160_50fps_420_8bit_YUV_RAW,55,220,64,6,VERT_A,8,1
Twilight_3840x2160_50fps_420_8bit_YUV_RAW,55,220,64,7,VERT_B,11,1
Twilight_3840x2160_50fps_420_8bit_YUV_RAW,55,220,64,8,HORZ_4,28,1
Twilight_3840x2160_50fps_420_8bit_YUV_RAW,55,220,64,9,VERT_4,21,1
YachtRide_3840x2160_120fps_420_8bit_YUV_RAW,20,80,8,0,NONE,423288,0
YachtRide_3840x2160_120fps_420_8bit_YUV_RAW,20,80,16,0,NONE,93598,1
YachtRide_3840x2160_120fps_420_8bit_YUV_RAW,20,80,16,1,HORZ,23954,1
YachtRide_3840x2160_120fps_420_8bit_YUV_RAW,20,80,16,2,VERT,5137,1
YachtRide_3840x2160_120fps_420_8bit_YUV_RAW,20,80,16,3,SPLIT,6313,1
YachtRide_3840x2160_120fps_420_8bit_YUV_RAW,20,80,16,4,HORZ_A,4809,1
YachtRide_3840x2160_120fps_420_8bit_YUV_RAW,20,80,16,5,HORZ_B,3837,1
YachtRide_3840x2160_120fps_420_8bit_YUV_RAW,20,80,16,6,VERT_A,2079,1
YachtRide_3840x2160_120fps_420_8bit_YUV_RAW,20,80,16,7,VERT_B,1668,1
YachtRide_3840x2160_120fps_420_8bit_YUV_RAW,20,80,32,0,NONE,14089,1
YachtRide_3840x2160_120fps_420_8bit_YUV_RAW,20,80,32,1,HORZ,3197,1
YachtRide_3840x2160_120fps_420_8bit_YUV_RAW,20,80,32,2,VERT,1047,1
YachtRide_3840x2160_120fps_420_8bit_YUV_RAW,20,80,32,3,SPLIT,12925,1
YachtRide_3840x2160_120fps_420_8bit_YUV_RAW,20,80,32,4,HORZ_A,1311,1
YachtRide_3840x2160_120fps_420_8bit_YUV_RAW,20,80,32,5,HORZ_B,1689,1
YachtRide_3840x2160_120fps_420_8bit_YUV_RAW,20,80,32,6,VERT_A,689,1
YachtRide_3840x2160_120fps_420_8bit_YUV_RAW,20,80,32,7,VERT_B,963,1
YachtRide_3840x2160_120fps_420_8bit_YUV_RAW,20,80,32,8,HORZ_4,3374,1
YachtRide_3840x2160_120fps_420_8bit_YUV_RAW,20,80,32,9,VERT_4,193,1
YachtRide_3840x2160_120fps_420_8bit_YUV_RAW,20,80,64,0,NONE,1188,1
YachtRide_3840x2160_120fps_420_8bit_YUV_RAW,20,80,64,1,HORZ,49,1
YachtRide_3840x2160_120fps_420_8bit_YUV_RAW,20,80,64,2,VERT,7,1
YachtRide_3840x2160_120fps_420_8bit_YUV_RAW,20,80,64,3,SPLIT,8682,1
YachtRide_3840x2160_120fps_420_8bit_YUV_RAW,20,80,64,4,HORZ_A,29,1
YachtRide_3840x2160_120fps_420_8bit_YUV_RAW,20,80,64,5,HORZ_B,63,1
YachtRide_3840x2160_120fps_420_8bit_YUV_RAW,20,80,64,6,VERT_A,6,1
YachtRide_3840x2160_120fps_420_8bit_YUV_RAW,20,80,64,7,VERT_B,18,1
YachtRide_3840x2160_120fps_420_8bit_YUV_RAW,20,80,64,8,HORZ_4,64,1
YachtRide_3840x2160_120fps_420_8bit_YUV_RAW,20,80,64,9,VERT_4,1,1
YachtRide_3840x2160_120fps_420_8bit_YUV_RAW,32,128,8,0,NONE,300365,0
YachtRide_3840x2160_120fps_420_8bit_YUV_RAW,32,128,16,0,NONE,96070,1
YachtRide_3840x2160_120fps_420_8bit_YUV_RAW,32,128,16,1,HORZ,19568,1
YachtRide_3840x2160_120fps_420_8bit_YUV_RAW,32,128,16,2,VERT,5990,1
YachtRide_3840x2160_120fps_420_8bit_YUV_RAW,32,128,16,3,SPLIT,1702,1
YachtRide_3840x2160_120fps_420_8bit_YUV_RAW,32,128,16,4,HORZ_A,2222,1
YachtRide_3840x2160_120fps_420_8bit_YUV_RAW,32,128,16,5,HORZ_B,1708,1
YachtRide_3840x2160_120fps_420_8bit_YUV_RAW,32,128,16,6,VERT_A,1151,1
YachtRide_3840x2160_120fps_420_8bit_YUV_RAW,32,128,16,7,VERT_B,837,1
YachtRide_3840x2160_120fps_420_8bit_YUV_RAW,32,128,32,0,NONE,19066,1
YachtRide_3840x2160_120fps_420_8bit_YUV_RAW,32,128,32,1,HORZ,3628,1
YachtRide_3840x2160_120fps_420_8bit_YUV_RAW,32,128,32,2,VERT,1271,1
YachtRide_3840x2160_120fps_420_8bit_YUV_RAW,32,128,32,3,SPLIT,8578,1
YachtRide_3840x2160_120fps_420_8bit_YUV_RAW,32,128,32,4,HORZ_A,870,1
YachtRide_3840x2160_120fps_420_8bit_YUV_RAW,32,128,32,5,HORZ_B,1102,1
YachtRide_3840x2160_120fps_420_8bit_YUV_RAW,32,128,32,6,VERT_A,481,1
YachtRide_3840x2160_120fps_420_8bit_YUV_RAW,32,128,32,7,VERT_B,662,1
YachtRide_3840x2160_120fps_420_8bit_YUV_RAW,32,128,32,8,HORZ_4,3081,1
YachtRide_3840x2160_120fps_420_8bit_YUV_RAW,32,128,32,9,VERT_4,235,1
YachtRide_3840x2160_120fps_420_8bit_YUV_RAW,32,128,64,0,NONE,1567,1
YachtRide_3840x2160_120fps_420_8bit_YUV_RAW,32,128,64,1,HORZ,145,1
YachtRide_3840x2160_120fps_420_8bit_YUV_RAW,32,128,64,2,VERT,20,1
YachtRide_3840x2160_120fps_420_8bit_YUV_RAW,32,128,64,3,SPLIT,7998,1
YachtRide_3840x2160_120fps_420_8bit_YUV_RAW,32,128,64,4,HORZ_A,41,1
YachtRide_3840x2160_120fps_420_8bit_YUV_RAW,32,128,64,5,HORZ_B,128,1
YachtRide_3840x2160_120fps_420_8bit_YUV_RAW,32,128,64,6,VERT_A,10,1
YachtRide_3840x2160_120fps_420_8bit_YUV_RAW,32,128,64,7,VERT_B,29,1
YachtRide_3840x2160_120fps_420_8bit_YUV_RAW,32,128,64,8,HORZ_4,123,1
YachtRide_3840x2160_120fps_420_8bit_YUV_RAW,32,128,64,9,VERT_4,3,1
YachtRide_3840x2160_120fps_420_8bit_YUV_RAW,43,172,8,0,NONE,199659,0
YachtRide_3840x2160_120fps_420_8bit_YUV_RAW,43,172,16,0,NONE,89013,1
YachtRide_3840x2160_120fps_420_8bit_YUV_RAW,43,172,16,1,HORZ,13335,1
YachtRide_3840x2160_120fps_420_8bit_YUV_RAW,43,172,16,2,VERT,5888,1
YachtRide_3840x2160_120fps_420_8bit_YUV_RAW,43,172,16,3,SPLIT,230,1
YachtRide_3840x2160_120fps_420_8bit_YUV_RAW,43,172,16,4,HORZ_A,1045,1
YachtRide_3840x2160_120fps_420_8bit_YUV_RAW,43,172,16,5,HORZ_B,554,1
YachtRide_3840x2160_120fps_420_8bit_YUV_RAW,43,172,16,6,VERT_A,559,1
YachtRide_3840x2160_120fps_420_8bit_YUV_RAW,43,172,16,7,VERT_B,323,1
YachtRide_3840x2160_120fps_420_8bit_YUV_RAW,43,172,32,0,NONE,18922,1
YachtRide_3840x2160_120fps_420_8bit_YUV_RAW,43,172,32,1,HORZ,5486,1
YachtRide_3840x2160_120fps_420_8bit_YUV_RAW,43,172,32,2,VERT,3073,1
YachtRide_3840x2160_120fps_420_8bit_YUV_RAW,43,172,32,3,SPLIT,4423,1
YachtRide_3840x2160_120fps_420_8bit_YUV_RAW,43,172,32,4,HORZ_A,570,1
YachtRide_3840x2160_120fps_420_8bit_YUV_RAW,43,172,32,5,HORZ_B,689,1
YachtRide_3840x2160_120fps_420_8bit_YUV_RAW,43,172,32,6,VERT_A,368,1
YachtRide_3840x2160_120fps_420_8bit_YUV_RAW,43,172,32,7,VERT_B,468,1
YachtRide_3840x2160_120fps_420_8bit_YUV_RAW,43,172,32,8,HORZ_4,2690,1
YachtRide_3840x2160_120fps_420_8bit_YUV_RAW,43,172,32,9,VERT_4,475,1
YachtRide_3840x2160_120fps_420_8bit_YUV_RAW,43,172,64,0,NONE,2169,1
YachtRide_3840x2160_120fps_420_8bit_YUV_RAW,43,172,64,1,HORZ,367,1
YachtRide_3840x2160_120fps_420_8bit_YUV_RAW,43,172,64,2,VERT,162,1
YachtRide_3840x2160_120fps_420_8bit_YUV_RAW,43,172,64,3,SPLIT,6627,1
YachtRide_3840x2160_120fps_420_8bit_YUV_RAW,43,172,64,4,HORZ_A,92,1
YachtRide_3840x2160_120fps_420_8bit_YUV_RAW,43,172,64,5,HORZ_B,205,1
YachtRide_3840x2160_120fps_420_8bit_YUV_RAW,43,172,64,6,VERT_A,20,1
YachtRide_3840x2160_120fps_420_8bit_YUV_RAW,43,172,64,7,VERT_B,106,1
YachtRide_3840x2160_120fps_420_8bit_YUV_RAW,43,172,64,8,HORZ_4,207,1
YachtRide_3840x2160_120fps_420_8bit_YUV_RAW,43,172,64,9,VERT_4,19,1
YachtRide_3840x2160_120fps_420_8bit_YUV_RAW,55,220,8,0,NONE,125647,0
YachtRide_3840x2160_120fps_420_8bit_YUV_RAW,55,220,16,0,NONE,72453,1
YachtRide_3840x2160_120fps_420_8bit_YUV_RAW,55,220,16,1,HORZ,8551,1
YachtRide_3840x2160_120fps_420_8bit_YUV_RAW,55,220,16,2,VERT,4688,1
YachtRide_3840x2160_120fps_420_8bit_YUV_RAW,55,220,16,3,SPLIT,141,1
YachtRide_3840x2160_120fps_420_8bit_YUV_RAW,55,220,16,4,HORZ_A,363,1
YachtRide_3840x2160_120fps_420_8bit_YUV_RAW,55,220,16,5,HORZ_B,196,1
YachtRide_3840x2160_120fps_420_8bit_YUV_RAW,55,220,16,6,VERT_A,189,1
YachtRide_3840x2160_120fps_420_8bit_YUV_RAW,55,220,16,7,VERT_B,67,1
YachtRide_3840x2160_120fps_420_8bit_YUV_RAW,55,220,32,0,NONE,19345,1
YachtRide_3840x2160_120fps_420_8bit_YUV_RAW,55,220,32,1,HORZ,5365,1
YachtRide_3840x2160_120fps_420_8bit_YUV_RAW,55,220,32,2,VERT,2951,1
YachtRide_3840x2160_120fps_420_8bit_YUV_RAW,55,220,32,3,SPLIT,2123,1
YachtRide_3840x2160_120fps_420_8bit_YUV_RAW,55,220,32,4,HORZ_A,396,1
YachtRide_3840x2160_120fps_420_8bit_YUV_RAW,55,220,32,5,HORZ_B,529,1
YachtRide_3840x2160_120fps_420_8bit_YUV_RAW,55,220,32,6,VERT_A,322,1
YachtRide_3840x2160_120fps_420_8bit_YUV_RAW,55,220,32,7,VERT_B,317,1
YachtRide_3840x2160_120fps_420_8bit_YUV_RAW,55,220,32,8,HORZ_4,2003,1
YachtRide_3840x2160_120fps_420_8bit_YUV_RAW,55,220,32,9,VERT_4,654,1
YachtRide_3840x2160_120fps_420_8bit_YUV_RAW,55,220,64,0,NONE,2772,1
YachtRide_3840x2160_120fps_420_8bit_YUV_RAW,55,220,64,1,HORZ,727,1
YachtRide_3840x2160_120fps_420_8bit_YUV_RAW,55,220,64,2,VERT,323,1
YachtRide_3840x2160_120fps_420_8bit_YUV_RAW,55,220,64,3,SPLIT,5100,1
YachtRide_3840x2160_120fps_420_8bit_YUV_RAW,55,220,64,4,HORZ_A,105,1
YachtRide_3840x2160_120fps_420_8bit_YUV_RAW,55,220,64,5,HORZ_B,168,1
YachtRide_3840x2160_120fps_420_8bit_YUV_RAW,55,220,64,6,VERT_A,29,1
YachtRide_3840x2160_120fps_420_8bit_YUV_RAW,55,220,64,7,VERT_B,143,1
YachtRide_3840x2160_120fps_420_8bit_YUV_RAW,55,220,64,8,HORZ_4,384,1
YachtRide_3840x2160_120fps_420_8bit_YUV_RAW,55,220,64,9,VERT_4,38,1
